fips,lf.2007,emp.2007,ue.2007
1001,24383,23577,3.3
1003,82659,80099,3.1
1005,10334,9684,6.3
1007,8791,8432,4.1
1009,26629,25780,3.2
1011,3653,3308,9.4
1013,9099,8539,6.2
1015,54861,52709,3.9
1017,15474,14469,6.5
1019,11984,11484,4.2
1021,19737,19067,3.4
1023,5183,4875,5.9
1025,10358,9730,6.1
1027,6113,5775,5.5
1029,6483,6246,3.7
1031,21077,20275,3.8
1033,25386,24216,4.6
1035,4965,4646,6.4
1037,4686,4415,5.8
1039,17070,16409,3.9
1041,6546,6264,4.3
1043,39367,38047,3.4
1045,20250,19450,4
1047,15555,14259,8.3
1049,31013,29689,4.3
1051,35805,34620,3.3
1053,14288,13530,5.3
1055,45459,43431,4.5
1057,7387,7039,4.7
1059,13742,13108,4.6
1061,11535,11137,3.5
1063,3284,3075,6.4
1065,6976,6602,5.4
1067,7540,7135,5.4
1069,47179,45607,3.3
1071,27020,25799,4.5
1073,314739,302603,3.9
1075,5854,5488,6.3
1077,43257,41389,4.3
1079,15807,15160,4.1
1081,65326,62949,3.6
1083,36340,35123,3.3
1085,4758,4400,7.5
1087,8865,8385,5.4
1089,165286,160218,3.1
1091,8150,7718,5.3
1093,12974,12297,5.2
1095,41311,39890,3.4
1097,184490,177096,4
1099,8945,8369,6.4
1101,106156,101798,4.1
1103,56642,54654,3.5
1105,3543,3244,8.4
1107,8015,7613,5
1109,15575,14947,4
1111,9487,9005,5.1
1113,21734,20414,6.1
1115,36040,34813,3.4
1117,99647,97043,2.6
1119,4778,4466,6.5
1121,38922,36898,5.2
1123,18311,17340,5.3
1125,89008,86080,3.3
1127,29056,27800,4.3
1129,7002,6586,5.9
1131,3438,3106,9.7
1133,10287,9712,5.6
2013,1094,1007,8
2016,3085,2917,5.4
2020,151051,143336,5.1
2050,6951,6062,12.8
2060,1064,1014,4.7
2068,1602,1502,6.2
2070,2045,1858,9.1
2090,45385,42858,5.6
2100,1446,1339,7.4
2110,18459,17626,4.5
2122,25700,23674,7.9
2130,8222,7757,5.7
2150,6141,5756,6.3
2158,2584,2057,20.4
2164,1166,1102,5.5
2170,39800,36934,7.2
2180,3796,3374,11.1
2185,4672,4420,5.4
2188,2968,2646,10.8
2201,2275,1966,13.6
2220,4635,4398,5.1
2232,1925,1685,12.5
2240,3555,3246,8.7
2261,5219,4778,8.4
2280,2875,2598,9.6
2282,308,287,6.8
2290,2763,2382,13.8
4001,20200,18427,8.8
4003,57271,54934,4.1
4005,70736,68093,3.7
4007,21166,20256,4.3
4009,14294,13680,4.3
4011,3998,3868,3.3
4012,7655,7262,5.1
4013,1945290,1881907,3.3
4015,91440,87174,4.7
4017,38244,35783,6.4
4019,458486,441553,3.7
4021,111626,106534,4.6
4023,17162,15893,7.4
4025,97606,93996,3.7
4027,78841,67756,14.1
5001,11988,10942,8.7
5003,9483,8712,8.1
5005,17748,16787,5.4
5007,105064,101125,3.7
5009,16987,16127,5.1
5011,5799,5446,6.1
5013,2638,2461,6.7
5015,14021,13416,4.3
5017,4995,4583,8.2
5019,11069,10451,5.6
5021,6751,6125,9.3
5023,11687,10977,6.1
5025,4180,3942,5.7
5027,11040,10320,6.5
5029,10073,9583,4.9
5031,45989,43687,5
5033,28569,27174,4.9
5035,22416,20955,6.5
5037,8457,7833,7.4
5039,3881,3608,7
5041,6177,5567,9.9
5043,8501,7870,7.4
5045,55212,52793,4.4
5047,8600,8215,4.5
5049,5169,4912,5
5051,42727,40380,5.5
5053,8587,8162,4.9
5055,18678,17463,6.5
5057,10978,10332,5.9
5059,15477,14654,5.3
5061,6452,6101,5.4
5063,17393,16321,6.2
5065,5445,5125,5.9
5067,7891,7297,7.5
5069,35578,32915,7.5
5071,11443,10892,4.8
5073,3143,2908,7.5
5075,7400,6894,6.8
5077,3634,3294,9.4
5079,5044,4649,7.8
5081,6539,6267,4.2
5083,10575,10048,5
5085,31711,30328,4.4
5087,7781,7464,4.1
5089,7052,6671,5.4
5091,19792,18910,4.5
5093,21616,20044,7.3
5095,3897,3636,6.7
5097,4263,4038,5.3
5099,4363,4115,5.7
5101,3520,3342,5.1
5103,12054,11178,7.3
5105,4835,4601,4.8
5107,9060,8403,7.3
5109,5240,4944,5.6
5111,10923,10132,7.2
5113,8904,8467,4.9
5115,30274,28835,4.8
5117,4436,4182,5.7
5119,191162,182117,4.7
5121,7666,6956,9.3
5123,10561,9546,9.6
5125,49069,47019,4.2
5127,4880,4655,4.6
5129,3628,3451,4.9
5131,62414,59205,5.1
5133,7801,7480,4.1
5135,6448,6015,6.7
5137,4804,4531,5.7
5139,19462,18130,6.8
5141,7058,6640,5.9
5143,104859,100817,3.9
5145,32094,29988,6.6
5147,3539,3231,8.7
5149,10645,10189,4.3
6001,745198,710144,4.7
6003,493,454,7.9
6005,17703,16675,5.8
6007,101228,94489,6.7
6009,20725,19394,6.4
6011,10217,9015,11.8
6013,514317,490220,4.7
6015,11029,10199,7.5
6017,90382,85707,5.2
6019,418579,382789,8.6
6021,11975,10921,8.8
6023,59282,55775,5.9
6025,65967,54052,18.1
6027,8885,8447,4.9
6029,345187,316959,8.2
6031,57327,52353,8.7
6033,24041,22010,8.4
6035,12436,11422,8.2
6037,4864160,4614776,5.1
6039,63365,58620,7.5
6041,131904,127083,3.7
6043,9061,8515,6
6045,43115,40744,5.5
6047,99843,89797,10.1
6049,3896,3582,8.1
6051,8132,7741,4.8
6053,205460,190781,7.1
6055,73232,70286,4
6057,50125,47719,4.8
6059,1606177,1543703,3.9
6061,172478,164247,4.8
6063,9948,9099,8.5
6065,902047,847618,6
6067,675800,639075,5.4
6069,24005,22269,7.2
6071,862191,813867,5.6
6073,1515351,1446347,4.6
6075,432564,414199,4.2
6077,288638,265279,8.1
6079,134026,128276,4.3
6081,369503,355415,3.8
6083,213473,204163,4.4
6085,843437,803877,4.7
6087,144713,136158,5.9
6089,82540,76350,7.5
6091,1610,1482,8
6093,18786,17192,8.5
6095,208196,197214,5.3
6097,257316,246143,4.3
6099,226889,207202,8.7
6101,40987,37022,9.7
6103,24859,23061,7.2
6105,5024,4499,10.4
6107,191568,173855,9.2
6109,25775,24176,6.2
6111,423062,402396,4.9
6113,97518,91928,5.7
6115,27345,24813,9.3
8001,219560,210306,4.2
8003,8352,8022,4
8005,304913,293497,3.7
8007,6604,6354,3.8
8009,2398,2338,2.5
8011,2424,2307,4.8
8013,173647,167953,3.3
8014,29984,28928,3.5
8015,8211,7918,3.6
8017,1366,1332,2.5
8019,5648,5441,3.7
8021,3640,3438,5.5
8023,1303,1211,7.1
8025,1923,1802,6.3
8027,1994,1915,4
8029,16412,15871,3.3
8031,314781,301750,4.1
8033,1030,979,5
8035,154953,150126,3.1
8037,30929,30053,2.8
8039,12798,12327,3.7
8041,297494,284858,4.2
8043,19646,18720,4.7
8045,34945,34088,2.5
8047,3414,3295,3.5
8049,9158,8920,2.6
8051,9522,9254,2.8
8053,608,591,2.8
8055,3353,3194,4.7
8057,1103,1075,2.5
8059,303357,292287,3.6
8061,911,887,2.6
8063,4475,4355,2.7
8065,4028,3884,3.6
8067,31007,30143,2.8
8069,172024,166224,3.4
8071,8695,8381,3.6
8073,3014,2922,3.1
8075,11321,10975,3.1
8077,77873,75412,3.2
8079,471,451,4.2
8081,8521,8260,3.1
8083,13172,12664,3.9
8085,20744,20003,3.6
8087,14221,13746,3.3
8089,8813,8374,5
8091,3051,2962,2.9
8093,9602,9256,3.6
8095,2420,2354,2.7
8097,11271,10967,2.7
8099,6790,6556,3.4
8101,71808,68431,4.7
8103,5344,5234,2.1
8105,6543,6284,4
8107,15692,15285,2.6
8109,3158,2993,5.2
8111,563,540,4.1
8113,5652,5477,3.1
8115,1826,1786,2.2
8117,17129,16663,2.7
8119,12415,11936,3.9
8121,2880,2803,2.7
8123,117044,112271,4.1
8125,6734,6591,2.1
9001,466532,448188,3.9
9003,452749,430746,4.9
9005,104535,100133,4.2
9007,93011,89397,3.9
9009,444223,422247,4.9
9011,147559,141400,4.2
9013,83967,80742,3.8
9015,63624,60303,5.2
10001,75038,72517,3.4
10003,275852,266221,3.5
10005,92683,89574,3.4
11001,322237,304426,5.5
12001,129010,125102,3
12003,11913,11477,3.7
12005,86754,83532,3.7
12007,12341,11917,3.4
12009,265782,254099,4.4
12011,1000426,964482,3.6
12013,5550,5345,3.7
12015,69876,66269,5.2
12017,55641,52797,5.1
12019,93804,90475,3.5
12021,151925,145183,4.4
12023,30955,29823,3.7
12027,14328,13620,4.9
12029,5535,5290,4.4
12031,441216,422676,4.2
12033,140808,135212,4
12035,30928,28887,6.6
12037,4922,4763,3.2
12039,20770,19853,4.4
12041,7613,7318,3.9
12043,4789,4559,4.8
12045,6269,6027,3.9
12047,4627,4411,4.7
12049,11858,11313,4.6
12051,18008,16654,7.5
12053,61681,58059,5.9
12055,40249,38284,4.9
12057,595244,570539,4.2
12059,8769,8455,3.6
12061,62723,59155,5.7
12063,21538,20679,4
12065,6749,6519,3.4
12067,2921,2833,3
12069,132744,127162,4.2
12071,290882,277066,4.7
12073,144890,140326,3.1
12075,16793,16072,4.3
12077,3667,3563,2.8
12079,6954,6526,6.2
12081,147550,141381,4.2
12083,137247,130851,4.7
12085,64940,62057,4.4
12086,1226005,1188136,3.1
12087,44757,43532,2.7
12089,35191,33994,3.4
12091,97527,94552,3.1
12093,17537,16608,5.3
12095,594761,571946,3.8
12097,132902,127164,4.3
12099,626062,598221,4.4
12101,193243,183551,5
12103,450329,431617,4.2
12105,268193,255915,4.6
12107,31945,30420,4.8
12109,92427,89382,3.3
12111,123851,116666,5.8
12113,69649,67061,3.7
12115,171609,163784,4.6
12117,238644,229929,3.7
12119,31509,30390,3.6
12121,17350,16707,3.7
12123,8814,8431,4.3
12125,5136,4973,3.2
12127,252491,241896,4.2
12129,15109,14650,3
12131,31252,30380,2.8
12133,9652,9259,4.1
13001,9079,8599,5.3
13003,3390,3198,5.7
13005,4738,4511,4.8
13007,1657,1574,5
13009,20745,19590,5.6
13011,10601,10283,3
13013,33863,32447,4.2
13015,45865,43620,4.9
13017,7891,7348,6.9
13019,8801,8419,4.3
13021,73788,69952,5.2
13023,5364,5084,5.2
13025,7559,7220,4.5
13027,8407,8047,4.3
13029,16623,16054,3.4
13031,32393,30994,4.3
13033,9979,9208,7.7
13035,10151,9628,5.2
13037,2175,2032,6.6
13039,21609,20742,4
13043,4418,4223,4.4
13045,53240,50688,4.8
13047,35453,34177,3.6
13049,4595,4377,4.7
13051,133680,128394,4
13053,1704,1543,9.4
13055,10922,10279,5.9
13057,109716,105748,3.6
13059,64398,61911,3.9
13061,1476,1394,5.6
13063,136206,128444,5.7
13065,2763,2616,5.3
13067,380566,365319,4
13069,16522,15547,5.9
13071,20474,19561,4.5
13073,59917,57652,3.8
13075,7134,6731,5.6
13077,59681,57316,4
13079,6124,5837,4.7
13081,10625,10011,5.8
13083,8436,8080,4.2
13085,11103,10693,3.7
13087,11769,11062,6
13089,393836,374934,4.8
13091,9524,9051,5
13093,4927,4668,5.3
13095,42009,39662,5.6
13097,64829,61815,4.6
13099,5334,5037,5.6
13101,2251,2182,3.1
13103,28501,27560,3.3
13105,9862,9303,5.7
13107,10829,10271,5.2
13109,4985,4771,4.3
13111,11000,10588,3.7
13113,53556,51506,3.8
13115,49791,47450,4.7
13117,84302,81520,3.3
13119,10448,9938,4.9
13121,488891,465409,4.8
13123,14221,13715,3.6
13125,1119,1062,5.1
13127,40736,39275,3.6
13129,26858,25598,4.7
13131,12272,11779,4
13133,7458,7061,5.3
13135,421203,404504,4
13137,20218,19416,4
13139,90768,87514,3.6
13141,3304,3027,8.4
13143,12872,12270,4.7
13145,16064,15490,3.6
13147,10834,10132,6.5
13149,4900,4656,5
13151,96909,92705,4.3
13153,68319,65683,3.9
13155,4307,4048,6
13157,26964,25849,4.1
13159,6438,6129,4.8
13161,5267,4910,6.8
13163,7098,6594,7.1
13165,3329,3034,8.9
13167,3729,3511,5.8
13169,14054,13460,4.2
13171,7923,7526,5
13173,4052,3902,3.7
13175,22430,21304,5
13177,17684,17042,3.6
13179,24269,23006,5.2
13181,3838,3617,5.8
13183,5928,5710,3.7
13185,53698,51634,3.8
13187,13154,12612,4.1
13189,10595,9927,6.3
13191,5398,5178,4.1
13193,5089,4719,7.3
13195,15835,15246,3.7
13197,3322,3166,4.7
13199,9572,9012,5.9
13201,3579,3422,4.4
13205,10420,9886,5.1
13207,13547,12994,4.1
13209,4597,4385,4.6
13211,9498,9086,4.3
13213,21072,20115,4.5
13215,85604,81150,5.2
13217,46421,43991,5.2
13219,18031,17496,3
13221,7731,7434,3.8
13223,65995,63316,4.1
13225,11537,10909,5.4
13227,15150,14582,3.7
13229,8572,8235,3.9
13231,8076,7734,4.2
13233,20967,20035,4.4
13235,4649,4465,4
13237,10414,9960,4.4
13239,1060,1003,5.4
13241,7277,6852,5.8
13243,2745,2568,6.4
13245,90907,85362,6.1
13247,40365,38349,5
13249,1823,1715,5.9
13251,7239,6888,4.8
13253,3990,3773,5.4
13255,28269,26672,5.6
13257,13590,12933,4.8
13259,2272,2129,6.3
13261,14796,13748,7.1
13263,3160,2958,6.4
13265,848,781,7.9
13267,9144,8708,4.8
13269,3333,3137,5.9
13271,4998,4612,7.7
13273,4430,4166,6
13275,22989,22047,4.1
13277,19128,18121,5.3
13279,13864,13209,4.7
13281,6025,5803,3.7
13283,2714,2557,5.8
13285,30448,28721,5.7
13287,4942,4615,6.6
13289,4668,4406,5.6
13291,11442,11029,3.6
13293,12011,11244,6.4
13295,33084,31617,4.4
13297,41084,39207,4.6
13299,15148,14411,4.9
13301,2455,2271,7.5
13303,8333,7863,5.6
13305,12072,11420,5.4
13307,1246,1190,4.5
13309,2965,2813,5.1
13311,12910,12448,3.6
13313,47042,44901,4.6
13315,3302,3109,5.8
13317,4572,4269,6.6
13319,4584,4337,5.4
13321,10184,9640,5.3
15001,84784,81772,3.6
15003,442512,430846,2.6
15007,32665,31783,2.7
15009,78434,76134,2.9
16001,196740,191500,2.7
16003,1999,1884,5.8
16005,41291,40063,3
16007,3158,3085,2.3
16009,4061,3811,6.2
16011,22242,21652,2.7
16013,13677,13356,2.3
16015,3576,3453,3.4
16017,20645,19845,3.9
16019,50283,49166,2.2
16021,4576,4291,6.2
16023,1369,1335,2.5
16025,618,602,2.6
16027,83264,80180,3.7
16029,3863,3752,2.9
16031,10795,10453,3.2
16033,554,541,2.3
16035,3208,2967,7.5
16037,2329,2249,3.4
16039,11249,10809,3.9
16041,5751,5626,2.2
16043,5777,5586,3.3
16045,7098,6826,3.8
16047,8805,8612,2.2
16049,7079,6717,5.1
16051,11121,10847,2.5
16053,9827,9546,2.9
16055,69433,67106,3.4
16057,17003,16534,2.8
16059,3745,3572,4.6
16061,1703,1658,2.6
16063,2565,2476,3.5
16065,16441,16085,2.2
16067,10051,9659,3.9
16069,19011,18437,3
16071,2381,2339,1.8
16073,4488,4402,1.9
16075,10520,10076,4.2
16077,3753,3602,4
16079,5864,5552,5.3
16081,5069,4983,1.7
16083,37746,36699,2.8
16085,5021,4812,4.2
16087,4687,4489,4.2
17001,39619,38088,3.9
17003,3279,3011,8.2
17005,8771,8320,5.1
17007,26764,25014,6.5
17009,3479,3384,2.7
17011,19494,18551,4.8
17013,2656,2482,6.6
17015,8768,8330,5
17017,7713,7384,4.3
17019,105132,100739,4.2
17021,17998,17103,5
17023,8979,8484,5.5
17025,7003,6618,5.5
17027,19352,18446,4.7
17029,27971,26756,4.3
17031,2615750,2478215,5.3
17033,9821,9290,5.4
17035,5806,5513,5
17037,59179,56635,4.3
17039,8604,8191,4.8
17041,10561,10114,4.2
17043,530011,509543,3.9
17045,10614,10072,5.1
17047,3457,3289,4.9
17049,18869,18109,4
17051,10344,9698,6.2
17053,7350,6988,4.9
17055,18270,16848,7.8
17057,17927,16985,5.3
17059,2666,2502,6.2
17061,7183,6827,5
17063,25757,24282,5.7
17065,4312,4072,5.6
17067,9979,9443,5.4
17069,1712,1574,8.1
17071,4059,3844,5.3
17073,27831,26504,4.8
17075,16821,15985,5
17077,33163,31649,4.6
17079,5207,4941,5.1
17081,21365,20318,4.9
17083,11867,11230,5.4
17085,13790,13237,4
17087,5286,4954,6.3
17089,269449,257360,4.5
17091,55889,52393,6.3
17093,55716,53308,4.3
17095,25636,24356,5
17097,372457,354669,4.8
17099,59225,55708,5.9
17101,8422,8020,4.8
17103,18624,17687,5
17105,19679,18808,4.4
17107,13537,12891,4.8
17109,17292,16563,4.2
17111,178885,171106,4.3
17113,90552,87179,3.7
17115,54603,51550,5.6
17117,24830,23361,5.9
17119,141006,133485,5.3
17121,18907,17709,6.3
17123,7345,7027,4.3
17125,7425,6943,6.5
17127,7668,7240,5.6
17129,6978,6671,4.4
17131,8990,8508,5.4
17133,18611,17829,4.2
17135,13676,12784,6.5
17137,18106,17225,4.9
17139,8192,7897,3.6
17141,28026,26481,5.5
17143,97797,93323,4.6
17145,10033,9209,8.2
17147,9084,8742,3.8
17149,8797,8400,4.5
17151,1976,1839,6.9
17153,2946,2738,7.1
17155,3235,3049,5.7
17157,15727,14913,5.2
17159,7836,7471,4.7
17161,80369,76766,4.5
17163,125692,118080,6.1
17165,12751,11941,6.4
17167,108005,103218,4.4
17169,4447,4269,4
17171,2790,2648,5.1
17173,11259,10721,4.8
17175,3004,2852,5.1
17177,25541,24248,5.1
17179,73660,70563,4.2
17181,8437,7863,6.8
17183,37863,35545,6.1
17185,6438,6088,5.4
17187,9232,8822,4.4
17189,8553,8165,4.5
17191,8444,8048,4.7
17193,8035,7626,5.1
17195,30904,29275,5.3
17197,361414,344122,4.8
17199,36347,34021,6.4
17201,149201,140334,5.9
17203,21530,20794,3.4
18001,15959,15277,4.3
18003,180707,172101,4.8
18005,38544,37156,3.6
18007,4337,4146,4.4
18009,6550,6172,5.8
18011,27960,26995,3.5
18013,7614,7280,4.4
18015,9926,9523,4.1
18017,18673,17758,4.9
18019,55140,52748,4.3
18021,12878,12132,5.8
18023,16769,16013,4.5
18025,5238,4920,6.1
18027,15123,14660,3.1
18029,26093,24778,5
18031,12309,11751,4.5
18033,20698,19564,5.5
18035,55139,52222,5.3
18037,22150,21470,3.1
18039,101303,96658,4.6
18041,10431,9675,7.2
18043,37949,36375,4.1
18045,8652,8289,4.2
18047,11785,11135,5.5
18049,10364,9863,4.8
18051,16759,15994,4.6
18053,31680,29731,6.2
18055,15810,15000,5.1
18057,140741,136618,2.9
18059,35818,34470,3.8
18061,19410,18538,4.5
18063,72418,70048,3.3
18065,22464,21164,5.8
18067,37588,35523,5.5
18069,20025,19076,4.7
18071,21892,21036,3.9
18073,15511,14775,4.7
18075,11609,11105,4.3
18077,17081,16243,4.9
18079,13665,12964,5.1
18081,73207,70649,3.5
18083,19724,18934,4
18085,41085,39272,4.4
18087,17028,16196,4.9
18089,226108,214416,5.2
18091,52577,49915,5.1
18093,22133,20696,6.5
18095,60540,56701,6.3
18097,460046,439218,4.5
18099,22795,21693,4.8
18101,5133,4933,3.9
18103,16465,15532,5.7
18105,68676,66116,3.7
18107,19251,18509,3.9
18109,36810,35273,4.2
18111,6967,6601,5.3
18113,23161,21903,5.4
18115,3026,2877,4.9
18117,10455,9918,5.1
18119,11192,10641,4.9
18121,8025,7626,5
18123,9706,9275,4.4
18125,6007,5749,4.3
18127,83076,79893,3.8
18129,13364,12796,4.3
18131,6800,6518,4.1
18133,17518,16581,5.3
18135,12656,11942,5.6
18137,13911,13280,4.5
18139,9448,9020,4.5
18141,132785,126293,4.9
18143,11053,10473,5.2
18145,23582,22557,4.3
18147,10427,9992,4.2
18149,10453,9835,5.9
18151,16494,15506,6
18153,8918,8426,5.5
18155,5687,5466,3.9
18157,81511,78292,3.9
18159,7708,7349,4.7
18161,3619,3449,4.7
18163,90815,86554,4.7
18165,7890,7447,5.6
18167,50120,47466,5.3
18169,16993,16173,4.8
18171,4991,4831,3.2
18173,30489,29304,3.9
18175,14011,13277,5.2
18177,33800,31984,5.4
18179,14671,14062,4.2
18181,12286,11744,4.4
18183,17736,16943,4.5
19001,4400,4246,3.5
19003,2099,2012,4.1
19005,8163,7775,4.8
19007,5958,5551,6.8
19009,3276,3148,3.9
19011,14271,13716,3.9
19013,72687,69979,3.7
19015,15484,14979,3.3
19017,13831,13401,3.1
19019,11031,10571,4.2
19021,10388,10060,3.2
19023,8260,7929,4
19025,5215,5045,3.3
19027,12239,11918,2.6
19029,7605,7291,4.1
19031,10899,10547,3.2
19033,25646,24645,3.9
19035,6624,6385,3.6
19037,6535,6263,4.2
19039,4826,4626,4.1
19041,9756,9453,3.1
19043,9742,9273,4.8
19045,27443,26422,3.7
19047,9302,8996,3.3
19049,32546,31617,2.9
19051,4080,3896,4.5
19053,4196,4026,4.1
19055,10770,10388,3.5
19057,21064,20134,4.4
19059,9744,9364,3.9
19061,52040,49974,4
19063,5928,5710,3.7
19065,10903,10425,4.4
19067,8712,8323,4.5
19069,5964,5755,3.5
19071,3957,3798,4
19073,4989,4813,3.5
19075,6805,6589,3.2
19077,5857,5634,3.8
19079,8645,8369,3.2
19081,6038,5811,3.8
19083,9057,8714,3.8
19085,7780,7455,4.2
19087,10313,9830,4.7
19089,5243,5052,3.6
19091,5199,5039,3.1
19093,4035,3901,3.3
19095,8612,8295,3.7
19097,11174,10654,4.7
19099,17936,16803,6.3
19101,8370,8027,4.1
19103,77590,75493,2.7
19105,10453,10021,4.1
19107,5629,5394,4.2
19109,8980,8658,3.6
19111,17332,16341,5.7
19113,118163,113836,3.7
19115,6431,6196,3.7
19117,4774,4590,3.9
19119,6681,6521,2.4
19121,8278,7937,4.1
19123,11747,11322,3.6
19125,17815,17179,3.6
19127,20469,19644,4
19129,8086,7787,3.7
19131,5571,5386,3.3
19133,4585,4334,5.5
19135,4174,4002,4.1
19137,5554,5209,6.2
19139,23997,23188,3.4
19141,7741,7508,3
19143,3349,3238,3.3
19145,8375,7991,4.6
19147,5437,5254,3.4
19149,14433,13994,3
19151,4132,4001,3.2
19153,237576,229306,3.5
19155,48121,46077,4.2
19157,10749,10329,3.9
19159,2455,2353,4.2
19161,5798,5599,3.4
19163,88870,85553,3.7
19165,7539,7295,3.2
19167,19339,18850,2.5
19169,48044,46713,2.8
19171,8983,8594,4.3
19173,3357,3221,4.1
19175,6580,6312,4.1
19177,3951,3783,4.3
19179,18850,18034,4.3
19181,25475,24644,3.3
19183,11943,11536,3.4
19185,3208,3063,4.5
19187,19830,19045,4
19189,5767,5568,3.5
19191,12425,11973,3.6
19193,54875,52748,3.9
19195,4525,4356,3.7
19197,7003,6729,3.9
20001,7497,7194,4
20003,4144,3949,4.7
20005,8781,8376,4.6
20007,2618,2534,3.2
20009,14869,14351,3.5
20011,8857,8465,4.4
20013,5509,5282,4.1
20015,32414,31075,4.1
20017,1584,1520,4
20019,1781,1697,4.7
20021,11108,10565,4.9
20023,1416,1366,3.5
20025,1206,1169,3.1
20027,5067,4897,3.4
20029,5590,5391,3.6
20031,5101,4871,4.5
20033,1079,1046,3.1
20035,18211,17486,4
20037,20216,19230,4.9
20039,1664,1612,3.1
20041,10611,10199,3.9
20043,4551,4333,4.8
20045,62110,59692,3.9
20047,1636,1580,3.4
20049,1423,1341,5.8
20051,17143,16666,2.8
20053,3690,3566,3.4
20055,17903,17291,3.4
20057,16647,16121,3.2
20059,13817,13115,5.1
20061,11921,11397,4.4
20063,1502,1457,3
20065,1481,1435,3.1
20067,3957,3845,2.8
20069,3155,3071,2.7
20071,698,675,3.3
20073,3570,3404,4.6
20075,1250,1207,3.4
20077,3395,3292,3
20079,17969,17301,3.7
20081,2152,2090,2.9
20083,903,867,4
20085,6945,6561,5.5
20087,9606,9127,5
20089,1918,1863,2.9
20091,298890,286748,4.1
20093,2128,2059,3.2
20095,4285,4140,3.4
20097,1492,1422,4.7
20099,11351,10790,4.9
20101,1066,1028,3.6
20103,32857,31086,5.4
20105,1828,1757,3.9
20107,4752,4446,6.4
20109,1775,1725,2.8
20111,19695,18888,4.1
20113,16742,16161,3.5
20115,6697,6452,3.7
20117,6058,5867,3.2
20119,2304,2237,2.9
20121,16470,15698,4.7
20123,3336,3218,3.5
20125,17582,16725,4.9
20127,2968,2824,4.9
20129,1683,1637,2.7
20131,5619,5447,3.1
20133,9291,8909,4.1
20135,1734,1683,2.9
20137,2696,2609,3.2
20139,8526,8060,5.5
20141,2208,2124,3.8
20143,3258,3134,3.8
20145,3991,3867,3.1
20147,3229,3132,3
20149,11553,11177,3.3
20151,5706,5529,3.1
20153,1234,1190,3.6
20155,32485,31113,4.2
20157,2756,2668,3.2
20159,5605,5389,3.9
20161,39474,38239,3.1
20163,2655,2557,3.7
20165,1645,1584,3.7
20167,3488,3361,3.6
20169,30271,29196,3.6
20171,2588,2516,2.8
20173,250715,240113,4.2
20175,10447,10094,3.4
20177,91388,87152,4.6
20179,1553,1510,2.8
20181,3632,3528,2.9
20183,2178,2109,3.2
20185,2132,2054,3.7
20187,1120,1087,2.9
20189,2254,2180,3.3
20191,11816,11295,4.4
20193,4140,4015,3
20195,1691,1635,3.3
20197,3657,3511,4
20199,904,878,2.9
20201,3334,3221,3.4
20203,1237,1200,3
20205,5516,5311,3.7
20207,1668,1582,5.2
20209,71446,66013,7.6
21001,8912,8393,5.8
21003,8235,7754,5.8
21005,11038,10489,5
21007,4229,3996,5.5
21009,19497,18489,5.2
21011,5049,4670,7.5
21013,9494,8734,8
21015,61711,58999,4.4
21017,9689,9217,4.9
21019,22838,21660,5.2
21021,12705,11938,6
21023,4259,4005,6
21025,5641,5247,7
21027,9098,8551,6
21029,38936,36739,5.6
21031,5602,5247,6.3
21033,6630,6279,5.3
21035,17749,16794,5.4
21037,44530,42314,5
21039,2260,2123,6.1
21041,5726,5417,5.4
21043,13501,12543,7.1
21045,7320,6916,5.5
21047,29455,27592,6.3
21049,17233,16396,4.9
21051,6997,6256,10.6
21053,4639,4396,5.2
21055,3797,3566,6.1
21057,2964,2759,6.9
21059,47117,44838,4.8
21061,5322,4985,6.3
21063,3040,2812,7.5
21065,6119,5725,6.4
21067,151234,145196,4
21069,6484,6067,6.4
21071,15081,14103,6.5
21073,25090,23959,4.5
21075,2706,2504,7.5
21077,3893,3684,5.4
21079,7685,7253,5.6
21081,12590,11898,5.5
21083,15948,14950,6.3
21085,11251,10340,8.1
21087,5631,5285,6.1
21089,17487,16537,5.4
21091,4189,3974,5.1
21093,47394,44983,5.1
21095,10160,9250,9
21097,9232,8782,4.9
21099,8137,7704,5.3
21101,22689,21551,5
21103,7819,7405,5.3
21105,2033,1895,6.8
21107,23298,21919,5.9
21109,4340,3749,13.6
21111,356083,337283,5.3
21113,22825,21813,4.4
21115,9666,9075,6.1
21117,83537,79535,4.8
21119,6232,5805,6.9
21121,12621,11775,6.7
21123,6933,6581,5.1
21125,26612,25204,5.3
21127,5815,5362,7.8
21129,2822,2637,6.6
21131,3561,3251,8.7
21133,8747,8098,7.4
21135,5602,5178,7.6
21137,10611,9920,6.5
21139,4845,4583,5.4
21141,12396,11735,5.3
21143,3278,3069,6.4
21145,31596,30059,4.9
21147,5841,5315,9
21149,4573,4307,5.8
21151,42634,40622,4.7
21153,4346,3896,10.4
21155,10271,9743,5.1
21157,14796,13945,5.8
21159,3445,3175,7.8
21161,8809,8404,4.6
21163,11617,10918,6
21165,2637,2413,8.5
21167,10620,10073,5.2
21169,4425,4179,5.6
21171,4858,4528,6.8
21173,12241,11532,5.8
21175,4969,4537,8.7
21177,13548,12471,7.9
21179,21294,20066,5.8
21181,3016,2827,6.3
21183,12009,11381,5.2
21185,27555,26246,4.8
21187,5266,5001,5
21189,1577,1432,9.2
21191,7308,6881,5.8
21193,11415,10618,7
21195,25145,23668,5.9
21197,5669,5295,6.6
21199,27166,25565,5.9
21201,1065,1014,4.8
21203,7239,6762,6.6
21205,12183,11532,5.3
21207,8136,7637,6.1
21209,22332,21360,4.4
21211,21258,20261,4.7
21213,9345,8873,5.1
21215,8919,8387,6
21217,13726,12993,5.3
21219,5020,4693,6.5
21221,6266,5900,5.8
21223,4353,4085,6.2
21225,7084,6691,5.5
21227,57538,55042,4.3
21229,5406,5105,5.6
21231,8575,8014,6.5
21233,6530,6148,5.8
21235,15011,14057,6.4
21237,2315,2090,9.7
21239,13264,12751,3.9
22001,26303,25315,3.8
22003,8809,8308,5.7
22005,48952,47011,4
22007,10461,9973,4.7
22009,15993,15168,5.2
22011,14268,13567,4.9
22013,6575,6215,5.5
22015,53018,50847,4.1
22017,118612,112445,5.2
22019,91888,88154,4.1
22021,4546,4328,4.8
22023,3559,3429,3.7
22025,4162,3921,5.8
22027,6710,6340,5.5
22029,7333,6889,6.1
22031,11384,10728,5.8
22033,216650,207813,4.1
22035,3069,2770,9.7
22037,8052,7669,4.8
22039,12333,11707,5.1
22041,7789,7268,6.7
22043,8680,8276,4.7
22045,34429,33154,3.7
22047,12270,11548,5.9
22049,6471,6189,4.4
22051,221408,213445,3.6
22053,14599,14093,3.5
22055,110161,106874,3
22057,48824,47397,2.9
22059,6249,6011,3.8
22061,18918,17984,4.9
22063,55882,53715,3.9
22065,4453,4153,6.7
22067,11673,10727,8.1
22069,17455,16557,5.1
22071,107655,102197,5.1
22073,71680,68068,5
22075,9015,8662,3.9
22077,9516,9069,4.7
22079,59862,57345,4.2
22081,3470,3241,6.6
22083,8710,8162,6.3
22085,9441,9018,4.5
22087,9757,9336,4.3
22089,26273,25275,3.8
22091,4216,3899,7.5
22093,8634,8037,6.9
22095,22505,21380,5
22097,37493,35764,4.6
22099,23666,22792,3.7
22101,23359,22360,4.3
22103,116435,112699,3.2
22105,52370,49959,4.6
22107,2212,2046,7.5
22109,54759,53108,3
22111,10198,9679,5.1
22113,24128,23198,3.9
22115,21174,20195,4.6
22117,15885,14958,5.8
22119,19807,18777,5.2
22121,10632,10195,4.1
22123,4485,4059,9.5
22125,4788,4521,5.6
22127,6375,6054,5
23001,58125,55454,4.6
23003,35128,32921,6.3
23005,157386,151982,3.4
23007,14111,13254,6.1
23009,29442,27835,5.5
23011,62804,59929,4.6
23013,21090,20174,4.3
23015,18187,17424,4.2
23017,28305,26645,5.9
23019,78551,74526,5.1
23021,7426,6869,7.5
23023,18899,18164,3.9
23025,24886,23165,6.9
23027,18872,17847,5.4
23029,14494,13383,7.7
23031,112738,108199,4
24001,34917,33139,5.1
24003,279882,271502,3
24005,427026,411968,3.5
24009,47616,46280,2.8
24011,16199,15529,4.1
24013,93995,91246,2.9
24015,50522,48588,3.8
24017,75920,73725,2.9
24019,16661,15700,5.8
24021,123692,120143,2.9
24023,16673,15945,4.4
24025,131696,127310,3.3
24027,159215,155198,2.5
24029,11125,10735,3.5
24031,509769,496401,2.6
24033,445492,429521,3.6
24035,26036,25230,3.1
24037,50810,49312,2.9
24039,11168,10573,5.3
24041,18864,18231,3.4
24043,68045,65091,4.3
24045,52137,50113,3.9
24047,27481,25881,5.8
24510,275151,259986,5.5
25001,121322,115367,4.9
25003,72820,69538,4.5
25005,290169,272931,5.9
25007,11128,10726,3.6
25009,373827,355585,4.9
25011,39104,37435,4.3
25013,223699,210928,5.7
25015,88300,84879,3.9
25017,816978,786271,3.8
25019,8527,8323,2.4
25021,354533,340362,4
25023,259937,247187,4.9
25025,364284,347532,4.6
25027,401374,381033,5.1
26001,4300,3858,10.3
26003,4393,4022,8.4
26005,56007,52431,6.4
26007,14901,13645,8.4
26009,11860,10901,8.1
26011,7868,7093,9.9
26013,4263,3716,12.8
26015,30385,28719,5.5
26017,55027,51253,6.9
26019,8995,8271,8
26021,79672,74135,6.9
26023,22254,20601,7.4
26025,69772,64905,7
26027,27196,25642,5.7
26029,14117,12877,8.8
26031,12466,11172,10.4
26033,17520,15965,8.9
26035,13211,11798,10.7
26037,37861,35778,5.5
26039,6655,6120,8
26041,20145,18599,7.7
26043,14389,13512,6.1
26045,58968,55859,5.3
26047,19810,18013,9.1
26049,208354,190881,8.4
26051,10686,9603,10.1
26053,7625,7029,7.8
26055,49059,45808,6.6
26057,19857,18125,8.7
26059,21781,19866,8.8
26061,17657,16379,7.2
26063,16714,15377,8
26065,153495,143929,6.2
26067,30484,28179,7.6
26069,10895,9802,10
26071,5938,5496,7.4
26073,38743,36705,5.3
26075,77563,71629,7.7
26077,134661,127431,5.4
26079,8709,8004,8.1
26081,323454,304257,5.9
26083,1059,943,11
26085,4074,3646,10.5
26087,44306,40778,8
26089,11362,10738,5.5
26091,49663,45710,8
26093,94930,89902,5.3
26095,2773,2520,9.1
26097,6430,5779,10.1
26099,421017,391423,7
26101,11982,10963,8.5
26103,35891,33633,6.3
26105,14924,13756,7.8
26107,20058,18535,7.6
26109,13207,12439,5.8
26111,43003,40609,5.6
26113,6526,5968,8.6
26115,77356,72129,6.8
26117,26870,23726,11.7
26119,4176,3623,13.2
26121,89458,82943,7.3
26123,22955,21126,8
26125,625693,589416,5.8
26127,14400,13185,8.4
26129,9651,8832,8.5
26131,3417,3129,8.4
26133,9895,9098,8.1
26135,4013,3589,10.6
26137,12333,11188,9.3
26139,135826,128067,5.7
26141,6106,5331,12.7
26143,10473,9444,9.8
26145,96947,89941,7.2
26147,83783,76711,8.4
26149,31678,29652,6.4
26151,21820,19836,9.1
26153,3957,3524,10.9
26155,36158,33169,8.3
26157,28600,26167,8.5
26159,40190,37367,7
26161,188362,179146,4.9
26163,883501,810552,8.3
26165,14590,13325,8.7
27001,7718,7193,6.8
27003,189600,180992,4.5
27005,16852,15889,5.7
27007,21174,19897,6
27009,22936,21792,5
27011,2801,2668,4.7
27013,36387,35023,3.7
27015,14676,13966,4.8
27017,17208,16232,5.7
27019,49658,47699,3.9
27021,14260,13244,7.1
27023,7071,6768,4.3
27025,27346,25756,5.8
27027,31280,30201,3.4
27029,3872,3475,10.3
27031,3133,2982,4.8
27033,6261,6009,4
27035,32719,30893,5.6
27037,229769,220453,4.1
27039,11028,10552,4.3
27041,20039,19154,4.4
27043,7777,7370,5.2
27045,11157,10590,5.1
27047,16336,15530,4.9
27049,25003,23768,4.9
27051,3018,2840,5.9
27053,655691,629005,4.1
27055,10980,10424,5.1
27057,9188,8603,6.4
27059,21689,20397,6
27061,22250,20637,7.2
27063,6532,6280,3.9
27065,7917,7263,8.3
27067,23434,22430,4.3
27069,2486,2344,5.7
27071,6517,6063,7
27073,4055,3887,4.1
27075,6131,5856,4.5
27077,2298,2182,5
27079,14183,13311,6.1
27081,3210,3064,4.5
27083,14454,13902,3.8
27085,20388,19365,5
27087,2430,2266,6.7
27089,5172,4759,8
27091,11257,10762,4.4
27093,12380,11646,5.9
27095,12282,11343,7.6
27097,17315,16250,6.2
27099,20346,19523,4
27101,5382,5152,4.3
27103,19264,18565,3.6
27105,11134,10748,3.5
27107,3551,3370,5.1
27109,79951,76931,3.8
27111,29322,27773,5.3
27113,8550,7961,6.9
27115,13713,12664,7.6
27117,5292,5094,3.7
27119,16675,15910,4.6
27121,6101,5830,4.4
27123,271469,259552,4.4
27125,2297,2111,8.1
27127,8272,7882,4.7
27129,8482,8037,5.2
27131,32138,30545,5
27133,4925,4769,3.2
27135,9755,9140,6.3
27137,103338,97591,5.6
27139,73099,70143,4
27141,48738,46299,5
27143,8694,8256,5
27145,83223,79426,4.6
27147,20401,19523,4.3
27149,5640,5430,3.7
27151,5313,5036,5.2
27153,12228,11565,5.4
27155,1839,1744,5.2
27157,12215,11672,4.4
27159,6271,5805,7.4
27161,10257,9770,4.7
27163,127837,122731,4
27165,5487,5211,5
27167,3484,3352,3.8
27169,28603,27411,4.2
27171,66107,62767,5.1
27173,5687,5444,4.3
28001,13391,12539,6.4
28003,15416,14359,6.9
28005,5157,4833,6.3
28007,7349,6795,7.5
28009,2913,2641,9.3
28011,15573,14323,8
28013,6072,5582,8.1
28015,4996,4680,6.3
28017,7427,6688,10
28019,3480,3219,7.5
28021,3573,3182,10.9
28023,7083,6565,7.3
28025,7924,6749,14.8
28027,10415,9487,8.9
28029,12173,11278,7.4
28031,8815,8345,5.3
28033,76812,73815,3.9
28035,37064,35224,5
28037,3137,2920,6.9
28039,9107,8463,7.1
28041,4934,4562,7.5
28043,9651,8958,7.2
28045,18300,17349,5.2
28047,86384,81818,5.3
28049,117887,111407,5.5
28051,7162,6393,10.7
28053,4357,3975,8.8
28055,706,652,7.6
28057,10036,9325,7.1
28059,59623,56377,5.4
28061,7557,7102,6
28063,2779,2415,13.1
28065,5252,4885,7
28067,31314,29886,4.6
28069,4108,3789,7.8
28071,22115,21072,4.7
28073,23865,22860,4.2
28075,33274,31163,6.3
28077,5150,4765,7.5
28079,8152,7636,6.3
28081,37650,35357,6.1
28083,13829,12731,7.9
28085,14222,13312,6.4
28087,26208,24262,7.4
28089,45385,43266,4.7
28091,10329,9683,6.3
28093,15413,14270,7.4
28095,16536,15021,9.2
28097,4493,4084,9.1
28099,13988,13284,5
28101,9570,9036,5.6
28103,4018,3518,12.4
28105,19921,18619,6.5
28107,14994,13808,7.9
28109,21604,20333,5.9
28111,5130,4784,6.7
28113,15421,14405,6.6
28115,13195,12345,6.4
28117,11107,10277,7.5
28119,3780,3470,8.2
28121,73005,70131,3.9
28123,13266,12619,4.9
28125,2549,2339,8.2
28127,11566,10933,5.5
28129,6732,6370,5.4
28131,7700,7268,5.6
28133,10892,9853,9.5
28135,6034,5571,7.7
28137,11838,11132,6
28139,9237,8586,7
28141,7974,7342,7.9
28143,4392,4047,7.9
28145,11808,11086,6.1
28147,5878,5510,6.3
28149,22131,20783,6.1
28151,22053,20204,8.4
28153,8678,8122,6.4
28155,3413,3137,8.1
28157,3597,3294,8.4
28159,8025,7496,6.6
28161,5319,4911,7.7
28163,10156,9387,7.6
29001,13500,12851,4.8
29003,10197,9795,3.9
29005,3209,3069,4.4
29007,12293,11688,4.9
29009,17739,16874,4.9
29011,5722,5226,8.7
29013,7921,7440,6.1
29015,8358,7861,5.9
29017,5739,5427,5.4
29019,87412,84162,3.7
29021,48263,46115,4.5
29023,21386,19981,6.6
29025,4374,4135,5.5
29027,22741,21734,4.4
29029,22017,20942,4.9
29031,38991,37317,4.3
29033,5226,4962,5.1
29035,2904,2721,6.3
29037,50176,47686,5
29039,6483,6114,5.7
29041,3936,3717,5.6
29043,39791,38246,3.9
29045,3601,3402,5.5
29047,116357,111327,4.3
29049,10394,9857,5.2
29051,40140,38575,3.9
29053,9187,8775,4.5
29055,12165,11309,7
29057,3745,3546,5.3
29059,7501,7105,5.3
29061,4031,3850,4.5
29063,5259,4986,5.2
29065,6654,6207,6.7
29067,5881,5534,5.9
29069,14273,13128,8
29071,52534,49604,5.6
29073,8110,7662,5.5
29075,3398,3259,4.1
29077,141794,136126,4
29079,4804,4572,4.8
29081,4547,4340,4.6
29083,10911,10298,5.6
29085,3422,3166,7.5
29087,2702,2566,5
29089,5136,4907,4.5
29091,19812,18889,4.7
29093,5372,5085,5.3
29095,336581,316869,5.9
29097,56572,54023,4.5
29099,116051,110041,5.2
29101,26272,25055,4.6
29103,2344,2255,3.8
29105,17588,16607,5.6
29107,16448,15599,5.2
29109,19267,18487,4
29111,5682,5457,4
29113,26364,24869,5.7
29115,6455,6043,6.4
29117,7160,6845,4.4
29119,11504,11028,4.1
29121,8044,7643,5
29123,6056,5711,5.7
29125,4772,4524,5.2
29127,14435,13670,5.3
29129,1804,1730,4.1
29131,13345,12643,5.3
29133,5878,5492,6.6
29135,7487,7141,4.6
29137,4351,4102,5.7
29139,6123,5789,5.5
29141,9334,8758,6.2
29143,8924,8310,6.9
29145,27856,26541,4.7
29147,12575,12104,3.7
29149,4554,4318,5.2
29151,7371,7023,4.7
29153,4388,4158,5.2
29155,8130,7594,6.6
29157,10416,10006,3.9
29159,20973,19877,5.2
29161,21975,20889,4.9
29163,8885,8438,5
29165,48683,46764,3.9
29167,14375,13686,4.8
29169,18724,17755,5.2
29171,2489,2351,5.5
29173,5598,5324,4.9
29175,13122,12418,5.4
29177,11477,10866,5.3
29179,2635,2454,6.9
29181,6645,6202,6.7
29183,192549,184674,4.1
29185,4224,3948,6.5
29186,9932,9468,4.7
29187,29341,27628,5.8
29189,526028,499911,5
29195,11701,11110,5.1
29197,2165,2041,5.7
29199,2512,2392,4.8
29201,19933,18768,5.8
29203,3716,3461,6.9
29205,3320,3154,5
29207,15519,14525,6.4
29209,16361,15309,6.4
29211,3294,3091,6.2
29213,27358,25500,6.8
29215,11013,10387,5.7
29217,10077,9584,4.9
29219,16150,15278,5.4
29221,10006,9179,8.3
29223,5691,5297,6.9
29225,17034,16218,4.8
29227,1147,1094,4.6
29229,8087,7603,6
29510,157604,146435,7.1
30001,5033,4892,2.8
30003,5078,4740,6.7
30005,2858,2749,3.8
30007,2371,2294,3.2
30009,5350,5197,2.9
30011,685,664,3.1
30013,39577,38199,3.5
30015,2517,2438,3.1
30017,5760,5567,3.4
30019,768,747,2.7
30021,4255,4135,2.8
30023,3901,3715,4.8
30025,1741,1706,2
30027,5862,5630,4
30029,45734,43927,4
30031,50406,49082,2.6
30033,643,624,3
30035,5812,5346,8
30037,561,539,3.9
30039,1283,1222,4.8
30041,8078,7745,4.1
30043,5851,5668,3.1
30045,1046,1007,3.7
30047,11641,11006,5.5
30049,33292,32281,3
30051,799,776,2.9
30053,7811,7227,7.5
30055,1000,978,2.2
30057,4446,4319,2.9
30059,901,850,5.7
30061,1968,1875,4.7
30063,59156,57129,3.4
30065,2037,1928,5.4
30067,9075,8755,3.5
30069,235,223,5.1
30071,2055,1969,4.2
30073,2721,2613,4
30075,898,869,3.2
30077,2644,2503,5.3
30079,545,526,3.5
30081,18648,17813,4.5
30083,5436,5305,2.4
30085,3855,3614,6.3
30087,3922,3718,5.2
30089,4683,4374,6.6
30091,1731,1684,2.7
30093,17398,16765,3.6
30095,4508,4366,3.1
30097,2920,2866,1.8
30099,3063,2968,3.1
30101,2454,2392,2.5
30103,405,392,3.2
30105,3637,3511,3.5
30107,1038,1003,3.4
30109,515,501,2.7
30111,81465,79262,2.7
31001,17374,16903,2.7
31003,3631,3528,2.8
31005,238,229,3.8
31007,403,395,2
31009,238,229,3.8
31011,3169,3092,2.4
31013,5613,5433,3.2
31015,1075,1043,3
31017,1813,1765,2.6
31019,28042,27414,2.2
31021,3910,3754,4
31023,4831,4709,2.5
31025,13876,13417,3.3
31027,4776,4660,2.4
31029,1996,1947,2.5
31031,3389,3313,2.2
31033,5242,5116,2.4
31035,3111,3025,2.8
31037,5646,5522,2.2
31039,4995,4860,2.7
31041,6005,5877,2.1
31043,10928,10490,4
31045,4802,4671,2.7
31047,12349,11973,3
31049,1050,1020,2.9
31051,3313,3209,3.1
31053,19826,19194,3.2
31055,269973,260826,3.4
31057,1016,990,2.6
31059,3173,3093,2.5
31061,1797,1747,2.8
31063,1660,1622,2.3
31065,2469,2395,3
31067,12510,12062,3.6
31069,936,911,2.7
31071,1037,1011,2.5
31073,1043,1010,3.2
31075,385,375,2.6
31077,1278,1244,2.7
31079,30960,30101,2.8
31081,5640,5515,2.2
31083,1812,1765,2.6
31085,460,444,3.5
31087,1442,1403,2.7
31089,6038,5883,2.6
31091,465,452,2.8
31093,3708,3606,2.8
31095,4576,4451,2.7
31097,2874,2790,2.9
31099,3808,3724,2.2
31101,4662,4544,2.5
31103,379,365,3.7
31105,1974,1919,2.8
31107,4712,4573,2.9
31109,157366,152970,2.8
31111,21756,21182,2.6
31113,471,458,2.8
31115,333,319,4.2
31117,300,294,2
31119,18819,18225,3.2
31121,4174,4054,2.9
31123,2778,2705,2.6
31125,2020,1970,2.5
31127,3505,3371,3.8
31129,2240,2181,2.6
31131,8949,8681,3
31133,1587,1540,3
31135,1577,1539,2.4
31137,5101,4985,2.3
31139,3954,3836,3
31141,18401,17953,2.4
31143,2967,2884,2.8
31145,5921,5772,2.5
31147,4272,4097,4.1
31149,877,854,2.6
31151,8315,8094,2.7
31153,76803,74562,2.9
31155,10958,10619,3.1
31157,19485,18909,3
31159,8893,8650,2.7
31161,3108,3025,2.7
31163,1909,1858,2.7
31165,707,687,2.8
31167,3554,3449,3
31169,2863,2787,2.7
31171,378,364,3.7
31173,2988,2793,6.5
31175,2572,2511,2.4
31177,11268,10948,2.8
31179,5304,5169,2.5
31181,1803,1744,3.3
31183,417,405,2.9
31185,7648,7440,2.7
32001,13152,12585,4.3
32003,951064,908308,4.5
32005,22599,21503,4.8
32007,26420,25555,3.3
32009,473,458,3.2
32011,809,775,4.2
32013,7959,7675,3.6
32015,3386,3277,3.2
32017,1722,1650,4.2
32019,22279,20853,6.4
32021,2236,2097,6.2
32023,17812,16655,6.5
32027,2492,2368,5
32029,2396,2278,4.9
32031,222441,212915,4.3
32033,4749,4576,3.6
32510,28410,27047,4.8
33001,32409,31253,3.6
33003,25496,24620,3.4
33005,42088,40597,3.5
33007,16698,15928,4.6
33009,48284,46858,3
33011,228214,220129,3.5
33013,80318,77657,3.3
33015,173675,167110,3.8
33017,68206,65980,3.3
33019,22548,21875,3
34001,135104,127177,5.9
34003,471472,455223,3.4
34005,237634,228511,3.8
34007,262569,249877,4.8
34009,56472,52765,6.6
34011,68174,63719,6.5
34013,361575,342249,5.3
34015,153893,147255,4.3
34017,290029,275553,5
34019,72048,69995,2.8
34021,196360,188835,3.8
34023,420390,404171,3.9
34025,331122,318729,3.7
34027,271713,263489,3
34029,256510,244810,4.6
34031,236506,223853,5.3
34033,31279,29729,5
34035,179245,173688,3.1
34037,84106,80801,3.9
34039,267086,255096,4.5
34041,58513,56291,3.8
35001,312319,301166,3.6
35003,1505,1432,4.9
35005,26808,25763,3.9
35006,11968,11463,4.2
35007,6560,6328,3.5
35009,20964,20368,2.8
35011,779,749,3.9
35013,86938,83322,4.2
35015,26054,25280,3
35017,12230,11762,3.8
35019,1791,1686,5.9
35021,389,378,2.8
35023,2518,2442,3
35025,27686,26999,2.5
35027,10883,10547,3.1
35028,10485,10257,2.2
35029,12315,11067,10.1
35031,26725,25483,4.6
35033,2018,1859,7.9
35035,25992,25003,3.8
35037,3839,3665,4.5
35039,20310,19345,4.8
35041,9512,9244,2.8
35043,54017,51700,4.3
35045,55637,53758,3.4
35047,13342,12784,4.2
35049,78018,75672,3
35051,5545,5349,3.5
35053,9350,9050,3.2
35055,17745,16877,4.9
35057,7086,6757,4.6
35059,1874,1823,2.7
35061,30827,29620,3.9
36001,158712,152567,3.9
36003,23405,22129,5.5
36005,512479,477487,6.8
36007,96858,92549,4.4
36009,41269,39164,5.1
36011,41137,39312,4.4
36013,66781,63790,4.5
36015,40956,39080,4.6
36017,24405,23200,4.9
36019,39784,37556,5.6
36021,31765,30530,3.9
36023,23737,22508,5.2
36025,23129,22128,4.3
36027,145515,139838,3.9
36029,465331,443492,4.7
36031,18557,17506,5.7
36033,22634,21379,5.5
36035,27345,25875,5.4
36037,32868,31375,4.5
36039,24124,22978,4.8
36041,3208,3057,4.7
36043,30974,29456,4.9
36045,48137,45510,5.5
36047,1086423,1027298,5.4
36049,12487,11809,5.4
36051,32250,30671,4.9
36053,35960,34286,4.7
36055,373025,356559,4.4
36057,24476,23045,5.8
36059,694915,669351,3.7
36061,917566,877728,4.3
36063,111370,105428,5.3
36065,109920,105220,4.3
36067,232522,223044,4.1
36069,56227,53872,4.2
36071,179230,171540,4.3
36073,19476,18349,5.8
36075,59415,56086,5.6
36077,31622,30194,4.5
36079,55673,53787,3.4
36081,1102350,1052959,4.5
36083,83128,79590,4.3
36085,239789,228808,4.6
36087,153871,147944,3.9
36089,49337,46476,5.8
36091,119421,115047,3.7
36093,75551,72418,4.1
36095,15725,14816,5.8
36097,9965,9468,5
36099,16993,16237,4.4
36101,44734,42386,5.2
36103,787940,757541,3.9
36105,35227,33391,5.2
36107,26179,24952,4.7
36109,55351,53485,3.4
36111,90485,86555,4.3
36113,36324,34706,4.5
36115,32403,31060,4.1
36117,47564,45317,4.7
36119,489581,471440,3.7
36121,21424,20375,4.9
36123,13055,12508,4.2
37001,69983,66446,5.1
37003,18206,17254,5.2
37005,4898,4645,5.2
37007,10302,9547,7.3
37009,13078,12423,5
37011,8257,7870,4.7
37013,21313,20122,5.6
37015,8818,8325,5.6
37017,15668,14702,6.2
37019,47823,45649,4.5
37021,120202,115970,3.5
37023,40070,37685,6
37025,82663,79012,4.4
37027,38427,35713,7.1
37029,4620,4436,4
37031,33229,31899,4
37033,10706,9993,6.7
37035,76408,72207,5.5
37037,32498,31263,3.8
37039,10231,9596,6.2
37041,7123,6687,6.1
37043,4903,4706,4
37045,49360,46420,6
37047,24348,23037,5.4
37049,43233,41388,4.3
37051,129424,122573,5.3
37053,12530,12134,3.2
37055,22662,21560,4.9
37057,79345,74935,5.6
37059,20580,19581,4.9
37061,24280,23201,4.4
37063,136544,131366,3.8
37065,24242,22429,7.5
37067,173449,165850,4.4
37069,26930,25737,4.4
37071,97592,92055,5.7
37073,4987,4774,4.3
37075,4678,4344,7.1
37077,25096,23815,5.1
37079,9174,8676,5.4
37081,247292,235637,4.7
37083,24355,22793,6.4
37085,47956,45634,4.8
37087,27421,26316,4
37089,48419,46724,3.5
37091,9925,9406,5.2
37093,19126,18157,5.1
37095,2689,2536,5.7
37097,79857,76196,4.6
37099,21884,21080,3.7
37101,75088,72010,4.1
37103,4820,4606,4.4
37105,26470,24975,5.6
37107,27936,26463,5.3
37109,39774,37819,4.9
37111,21439,20245,5.6
37113,16643,15963,4.1
37115,9830,9442,3.9
37117,12022,11386,5.3
37119,456736,436055,4.5
37121,7344,6822,7.1
37123,11922,11171,6.3
37125,37189,35495,4.6
37127,46370,43912,5.3
37129,104304,100377,3.8
37131,9084,8542,6
37133,59887,57207,4.5
37135,67916,65724,3.2
37137,5600,5361,4.3
37139,18288,17374,5
37141,23590,22594,4.2
37143,5337,5060,5.2
37145,18861,17593,6.7
37147,79009,75003,5.1
37149,9701,9370,3.4
37151,74238,70754,4.7
37153,20691,19152,7.4
37155,56833,53332,6.2
37157,44568,41822,6.2
37159,70465,66228,6
37161,30295,28352,6.4
37163,33022,31712,4
37165,14507,13058,10
37167,30681,29191,4.9
37169,23807,22765,4.4
37171,35132,33263,5.3
37173,7292,6833,6.3
37175,13357,12864,3.7
37177,2213,2088,5.6
37179,91672,88052,3.9
37181,19622,18320,6.6
37183,441589,426174,3.5
37185,7796,7311,6.2
37187,6412,5999,6.4
37189,24743,23905,3.4
37191,52722,50347,4.5
37193,31357,29660,5.4
37195,40724,38173,6.3
37197,19086,18271,4.3
37199,8077,7609,5.8
38001,1294,1262,2.5
38003,6029,5840,3.1
38005,2644,2470,6.6
38007,507,494,2.6
38009,3423,3300,3.6
38011,1763,1727,2
38013,1016,990,2.6
38015,47237,45984,2.7
38017,87690,85446,2.6
38019,2092,2029,3
38021,2947,2868,2.7
38023,900,870,3.3
38025,1691,1626,3.8
38027,1293,1222,5.5
38029,1703,1615,5.2
38031,1701,1643,3.4
38033,877,853,2.7
38035,39381,38252,2.9
38037,1200,1157,3.6
38039,1313,1278,2.7
38041,1155,1109,4
38043,1225,1166,4.8
38045,2187,2118,3.2
38047,928,895,3.6
38049,2726,2590,5
38051,1420,1380,2.8
38053,2928,2838,3.1
38055,4726,4508,4.6
38057,4753,4556,4.1
38059,15021,14516,3.4
38061,2972,2801,5.8
38063,1642,1575,4.1
38065,1131,1083,4.2
38067,4022,3797,5.6
38069,1913,1827,4.5
38071,5890,5657,4
38073,3061,2965,3.1
38075,1291,1252,3
38077,8996,8696,3.3
38079,5157,4690,9.1
38081,2226,2145,3.6
38083,635,603,5
38085,1292,1210,6.3
38087,629,619,1.6
38089,13947,13601,2.5
38091,1119,1093,2.3
38093,11876,11537,2.9
38095,1144,1099,3.9
38097,4237,4096,3.3
38099,5733,5492,4.2
38101,29340,28461,3
38103,2132,2034,4.6
38105,13081,12833,1.9
39001,13547,12506,7.7
39003,52259,48969,6.3
39005,27654,26000,6
39007,49729,46259,7
39009,30610,28746,6.1
39011,27156,25952,4.4
39013,32878,31038,5.6
39015,21794,20381,6.5
39017,190611,180864,5.1
39019,13935,13074,6.2
39021,21041,19800,5.9
39023,71363,66921,6.2
39025,106078,100704,5.1
39027,24450,23287,4.8
39029,53532,50208,6.2
39031,17513,16314,6.8
39033,22347,20787,7
39035,653686,616532,5.7
39037,28313,26722,5.6
39039,20795,19625,5.6
39041,90447,86843,4
39043,42673,40097,6
39045,75513,71734,5
39047,16895,16084,4.8
39049,622081,592795,4.7
39051,23293,21825,6.3
39053,14506,13608,6.2
39055,51658,49313,4.5
39057,79675,75499,5.2
39059,19889,18613,6.4
39061,437604,415449,5.1
39063,41600,39728,4.5
39065,15806,14863,6
39067,7417,6956,6.2
39069,15931,14929,6.3
39071,21567,20287,5.9
39073,14229,13321,6.4
39075,19739,18942,4
39077,29739,27327,8.1
39079,15922,14658,7.9
39081,32008,29969,6.4
39083,31128,29451,5.4
39085,133810,127339,4.8
39087,29601,28052,5.2
39089,83633,79207,5.3
39091,25324,24067,5
39093,159594,150486,5.7
39095,224338,209175,6.8
39097,20097,19043,5.2
39099,117091,109793,6.2
39101,32970,31165,5.5
39103,96074,91442,4.8
39105,9274,8446,8.9
39107,24591,23648,3.8
39109,55278,52280,5.4
39111,5571,5116,8.2
39113,271298,254523,6.2
39115,5757,5220,9.3
39117,18013,16963,5.8
39119,39097,36062,7.8
39121,5830,5399,7.4
39123,21764,20195,7.2
39125,10970,10423,5
39127,16449,15243,7.3
39129,24536,23048,6.1
39131,10922,9887,9.5
39133,92197,87293,5.3
39135,21688,20437,5.8
39137,18282,17406,4.8
39139,62590,58534,6.5
39141,35056,32642,6.9
39143,33950,31887,6.1
39145,32298,29898,7.4
39147,31225,29440,5.7
39149,28444,27077,4.8
39151,192111,180927,5.8
39153,297444,281395,5.4
39155,106325,99690,6.2
39157,48239,45658,5.4
39159,25475,24373,4.3
39161,15584,14726,5.5
39163,5895,5432,7.9
39165,108163,103190,4.6
39167,33179,31462,5.2
39169,60204,57299,4.8
39171,19786,18591,6
39173,69423,65714,5.3
39175,12245,11448,6.5
40001,10876,10360,4.7
40003,2329,2227,4.4
40005,5914,5593,5.4
40007,3083,3001,2.7
40009,11609,11328,2.4
40011,4943,4734,4.2
40013,20677,19953,3.5
40015,11938,11345,5
40017,50999,49067,3.8
40019,25602,24729,3.4
40021,23189,22247,4.1
40023,6841,6478,5.3
40025,1262,1214,3.8
40027,117837,113477,3.7
40029,2499,2344,6.2
40031,44888,42939,4.3
40033,3964,3858,2.7
40035,7404,7063,4.6
40037,30982,29624,4.4
40039,14502,14061,3
40041,18393,17552,4.6
40043,2450,2375,3.1
40045,2375,2316,2.5
40047,30294,29405,2.9
40049,14506,14031,3.3
40051,22769,21768,4.4
40053,2539,2457,3.2
40055,2002,1904,4.9
40057,1338,1292,3.4
40059,1878,1825,2.8
40061,5651,5422,4.1
40063,4858,4561,6.1
40065,12580,12153,3.4
40067,2354,2238,4.9
40069,5097,4878,4.3
40071,22926,21962,4.2
40073,8357,8137,2.6
40075,3963,3789,4.4
40077,4210,4000,5
40079,21178,20003,5.5
40081,13908,13323,4.2
40083,16991,16336,3.9
40085,5098,4940,3.1
40087,14734,14172,3.8
40089,13853,12967,6.4
40091,8498,8037,5.4
40093,3967,3857,2.8
40095,6379,6102,4.3
40097,18255,17468,4.3
40099,8113,7881,2.9
40101,29586,27955,5.5
40103,5932,5732,3.4
40105,4912,4668,5
40107,4665,4434,5
40109,323354,309044,4.4
40111,16063,15177,5.5
40113,20153,19310,4.2
40115,16941,16105,4.9
40117,7376,7042,4.5
40119,37680,36285,3.7
40121,22653,21777,3.9
40123,20008,19289,3.6
40125,32774,31409,4.2
40127,5226,4969,4.9
40129,1869,1818,2.7
40131,39870,38352,3.8
40133,10568,9991,5.5
40135,17912,16872,5.8
40137,21561,20776,3.6
40139,9376,9081,3.1
40141,3456,3295,4.7
40143,291603,280376,3.9
40145,32564,31324,3.8
40147,26923,25994,3.5
40149,5957,5777,3
40151,4424,4163,5.9
40153,12002,11686,2.6
41001,7292,6870,5.8
41003,42323,40576,4.1
41005,196402,187434,4.6
41007,19891,18962,4.7
41009,23745,22391,5.7
41011,28219,26364,6.6
41013,9790,9183,6.2
41015,9510,8889,6.5
41017,81675,77625,5
41019,47035,43421,7.7
41021,1046,999,4.5
41023,3437,3161,8
41025,3317,3075,7.3
41027,12884,12303,4.5
41029,101473,95750,5.6
41031,9289,8662,6.7
41033,34862,32405,7
41035,30573,28458,6.9
41037,3639,3375,7.3
41039,181463,172060,5.2
41041,22510,21272,5.5
41043,53653,50267,6.3
41045,12719,12003,5.6
41047,151768,143586,5.4
41049,5326,5036,5.4
41051,379156,360681,4.9
41053,38469,36579,4.9
41055,930,885,4.8
41057,12433,11821,4.9
41059,36645,34522,5.8
41061,12235,11562,5.5
41063,3648,3427,6.1
41065,13239,12589,4.9
41067,283981,271750,4.3
41069,611,577,5.6
41071,46583,44255,5
42001,55892,54028,3.3
42003,633672,607439,4.1
42005,32834,31192,5
42007,88933,84904,4.5
42009,23545,22215,5.6
42011,203068,194447,4.2
42013,65094,62365,4.2
42015,30827,29368,4.7
42017,347367,334141,3.8
42019,96948,93055,4
42021,68335,64702,5.3
42023,2555,2401,6
42025,31081,29413,5.4
42027,73700,71112,3.5
42029,267222,258865,3.1
42031,20286,19319,4.8
42033,40780,38551,5.5
42035,19149,18145,5.2
42037,35206,33429,5
42039,42787,40674,4.9
42041,123188,119168,3.3
42043,135823,130509,3.9
42045,283132,271606,4.1
42047,17483,16659,4.7
42049,140590,133805,4.8
42051,65659,61917,5.7
42053,2394,2237,6.6
42055,80752,78014,3.4
42057,8104,7652,5.6
42059,18128,17223,5
42061,22187,21044,5.2
42063,45705,43578,4.7
42065,23094,22027,4.6
42067,12488,11962,4.2
42069,106909,101792,4.8
42071,269595,260379,3.4
42073,44068,41769,5.2
42075,72124,69628,3.5
42077,175800,168063,4.4
42079,159118,151181,5
42081,59328,56408,4.9
42083,21676,20591,5
42085,55433,52359,5.5
42087,22514,21338,5.2
42089,81613,77608,4.9
42091,430052,415122,3.5
42093,9214,8859,3.9
42095,151894,145194,4.4
42097,47308,44904,5.1
42099,24560,23565,4.1
42101,620518,582727,6.1
42103,27631,26134,5.4
42105,7756,7196,7.2
42107,73592,69906,5
42109,19834,18913,4.6
42111,38870,36732,5.5
42113,2996,2858,4.6
42115,21647,20707,4.3
42117,20374,19259,5.5
42119,17676,16746,5.3
42121,26073,24791,4.9
42123,21423,20447,4.6
42125,104070,99305,4.6
42127,25655,24580,4.2
42129,185838,177330,4.6
42131,14413,13654,5.3
42133,225424,216856,3.8
44001,27647,26403,4.5
44003,97802,92912,5
44005,45374,43313,4.5
44007,328144,309733,5.6
44009,74206,71040,4.3
45001,11511,10580,8.1
45003,74572,70571,5.4
45005,3546,3180,10.3
45007,84980,80072,5.8
45009,6232,5664,9.1
45011,8818,7996,9.3
45013,63906,61117,4.4
45015,77641,73923,4.8
45017,6896,6465,6.3
45019,173525,165971,4.4
45021,25257,23543,6.8
45023,15475,13788,10.9
45025,18468,17037,7.7
45027,12641,11580,8.4
45029,16458,15456,6.1
45031,30770,28762,6.5
45033,12978,11797,9.1
45035,62138,59419,4.4
45037,10975,10281,6.3
45039,11118,10174,8.5
45041,62583,58784,6.1
45043,29139,27340,6.2
45045,220826,210480,4.7
45047,30936,28799,6.9
45049,7855,7330,6.7
45051,130268,123740,5
45053,10062,9602,4.6
45055,29633,28045,5.4
45057,29787,26932,9.6
45059,33357,30968,7.2
45061,8137,7476,8.1
45063,131525,126132,4.1
45065,3496,3148,10
45067,12854,11372,11.5
45069,11832,10426,11.9
45071,18019,17008,5.6
45073,30225,28149,6.9
45075,40302,37031,8.1
45077,58130,55185,5.1
45079,179489,170088,5.2
45081,9116,8632,5.3
45083,134253,126674,5.6
45085,44599,41465,7
45087,11657,10611,9
45089,15258,13885,9
45091,104653,99009,5.4
46003,1381,1341,2.9
46005,9448,9217,2.4
46007,1389,1333,4
46009,3091,2974,3.8
46011,19704,19279,2.2
46013,21248,20758,2.3
46015,2814,2741,2.6
46017,489,435,11
46019,5341,5198,2.7
46021,836,810,3.1
46023,4030,3895,3.3
46025,1834,1768,3.6
46027,7614,7423,2.5
46029,16778,16334,2.6
46031,1352,1276,5.6
46033,4712,4582,2.8
46035,11285,11009,2.4
46037,2874,2737,4.8
46039,2677,2584,3.5
46041,2515,2274,9.6
46043,1675,1633,2.5
46045,2062,2010,2.5
46047,3753,3632,3.2
46049,1119,1084,3.1
46051,4227,4085,3.4
46053,2374,2298,3.2
46055,1166,1137,2.5
46057,3003,2919,2.8
46059,1873,1822,2.7
46061,1977,1918,3
46063,748,729,2.5
46065,10230,9992,2.3
46067,3783,3669,3
46069,734,710,3.3
46071,1207,1143,5.3
46073,1379,1346,2.4
46075,702,687,2.1
46077,2952,2868,2.8
46079,6889,6690,2.9
46081,13460,13119,2.5
46083,21201,20723,2.3
46085,1971,1886,4.3
46087,2789,2713,2.7
46089,1130,1083,4.2
46091,2070,1983,4.2
46093,12470,12118,2.8
46095,887,848,4.4
46097,1200,1158,3.5
46099,99419,96929,2.5
46101,4060,3909,3.7
46102,3798,3501,7.8
46103,54352,52890,2.7
46105,1646,1598,2.9
46107,1306,1268,2.9
46109,4878,4682,4
46111,1471,1435,2.4
46115,3393,3286,3.2
46117,1927,1883,2.3
46119,992,970,2.2
46121,3428,3231,5.7
46123,3007,2920,2.9
46125,4305,4178,3
46127,8207,7961,3
46129,2714,2608,3.9
46135,12299,11984,2.6
46137,865,814,5.9
47001,35887,34369,4.2
47003,22991,21887,4.8
47005,7003,6576,6.1
47007,4943,4657,5.8
47009,62908,60431,3.9
47011,48328,46164,4.5
47013,17046,16138,5.3
47015,6445,6133,4.8
47017,13841,12969,6.3
47019,29725,28282,4.9
47021,20541,19754,3.8
47023,7918,7502,5.3
47025,13246,12536,5.4
47027,3528,3248,7.9
47029,16605,15563,6.3
47031,26001,24821,4.5
47033,6596,6191,6.1
47035,23213,21939,5.5
47037,325361,312929,3.8
47039,5790,5467,5.6
47041,10422,9959,4.4
47043,23382,22410,4.2
47045,17554,16685,5
47047,18005,16913,6.1
47049,7842,7348,6.3
47051,20283,19286,4.9
47053,21111,19654,6.9
47055,13464,12626,6.2
47057,10219,9682,5.3
47059,31718,29533,6.9
47061,5994,5639,5.9
47063,30399,28963,4.7
47065,168789,162123,3.9
47067,2466,2327,5.6
47069,11647,10887,6.5
47071,12014,11360,5.4
47073,26405,25196,4.6
47075,9911,9221,7
47077,12167,11382,6.5
47079,14172,13294,6.2
47081,10107,9560,5.4
47083,3916,3704,5.4
47085,9183,8676,5.5
47087,4991,4651,6.8
47089,24508,23258,5.1
47091,7415,7000,5.6
47093,229804,221965,3.4
47095,2721,2562,5.8
47097,10478,9788,6.6
47099,16755,15399,8.1
47101,5441,5045,7.3
47103,17528,16905,3.6
47105,23300,22395,3.9
47107,24906,23530,5.5
47109,12420,11676,6
47111,10569,9938,6
47113,49023,46606,4.9
47115,13154,12378,5.9
47117,13070,12087,7.5
47119,36916,34037,7.8
47121,4929,4622,6.2
47123,19630,18481,5.9
47125,68883,65642,4.7
47127,3196,3064,4.1
47129,8494,8003,5.8
47131,15737,14866,5.5
47133,10189,9454,7.2
47135,3157,2916,7.6
47137,1937,1780,8.1
47139,7148,6789,5
47141,35659,34045,4.5
47143,13174,12410,5.8
47145,27068,25877,4.4
47147,33095,31654,4.4
47149,130630,125789,3.7
47151,8771,8156,7
47153,6185,5886,4.8
47155,48350,45955,5
47157,446771,424197,5.1
47159,9148,8659,5.3
47161,5896,5536,6.1
47163,74033,71092,4
47165,79517,76262,4.1
47167,28295,26840,5.1
47169,3686,3477,5.7
47171,8429,7988,5.2
47173,8826,8435,4.4
47175,2505,2356,5.9
47177,17935,16793,6.4
47179,61604,59119,4
47181,6671,6180,7.4
47183,15734,14711,6.5
47185,10612,9971,6
47187,88210,84981,3.7
47189,57487,55167,4
48001,20033,19024,5
48003,6678,6465,3.2
48005,39625,37905,4.3
48007,10996,10554,4
48009,5100,4939,3.2
48011,1068,1032,3.4
48013,18717,17957,4.1
48015,12820,12342,3.7
48017,3277,3137,4.3
48019,9579,9219,3.8
48021,33376,31996,4.1
48023,2024,1948,3.8
48025,11178,10523,5.9
48027,118579,113309,4.4
48029,733499,703469,4.1
48031,4764,4609,3.3
48033,372,357,4
48035,8167,7821,4.2
48037,42908,40897,4.7
48039,137904,131893,4.4
48041,88105,84943,3.6
48043,5217,5046,3.3
48045,712,682,4.2
48047,3081,2917,5.3
48049,18504,17752,4.1
48051,7732,7436,3.8
48053,21718,20970,3.4
48055,15408,14728,4.4
48057,9245,8837,4.4
48059,6924,6691,3.4
48061,142753,134375,5.9
48063,5549,5299,4.5
48065,3349,3246,3.1
48067,12972,12279,5.3
48069,3423,3297,3.7
48071,13816,13179,4.6
48073,20252,19287,4.8
48075,3010,2865,4.8
48077,6212,5997,3.5
48079,1477,1404,4.9
48081,1377,1301,5.5
48083,4367,4216,3.5
48085,395832,380804,3.8
48087,1534,1483,3.3
48089,10442,10070,3.6
48091,52364,50496,3.6
48093,6462,6219,3.8
48095,1315,1250,4.9
48097,21646,20879,3.5
48099,23247,21887,5.9
48101,819,786,4
48103,1645,1579,4
48105,2068,2008,2.9
48107,2638,2514,4.7
48109,1752,1705,2.7
48111,3236,3146,2.8
48113,1137194,1085427,4.6
48115,5074,4812,5.2
48117,8706,8398,3.5
48119,2301,2193,4.7
48121,337573,324605,3.8
48123,8987,8637,3.9
48125,1176,1131,3.8
48127,3956,3709,6.2
48129,1805,1727,4.3
48131,5133,4883,4.9
48133,8119,7771,4.3
48135,66597,64372,3.3
48137,1001,962,3.9
48139,69138,66183,4.3
48141,291099,274246,5.8
48143,17914,17273,3.6
48145,6796,6443,5.2
48147,13376,12692,5.1
48149,12051,11670,3.2
48151,1972,1895,3.9
48153,3131,2970,5.1
48155,686,661,3.6
48157,252965,242849,4
48159,5430,5223,3.8
48161,9890,9533,3.6
48163,6504,6189,4.8
48165,6399,6163,3.7
48167,138036,131749,4.6
48169,2425,2343,3.4
48171,12904,12548,2.8
48173,600,579,3.5
48175,3440,3311,3.8
48177,9680,9314,3.8
48179,11155,10781,3.4
48181,55226,52706,4.6
48183,62388,60043,3.8
48185,10447,9967,4.6
48187,55441,53362,3.7
48189,16208,15458,4.6
48191,1398,1324,5.3
48193,4024,3884,3.5
48195,2505,2430,3
48197,2321,2238,3.6
48199,25726,24548,4.6
48201,1898209,1818000,4.2
48203,32064,30653,4.4
48205,2287,2214,3.2
48207,3054,2947,3.5
48209,73243,70537,3.7
48211,2646,2592,2
48213,34143,32642,4.4
48215,271679,254038,6.5
48217,15362,14652,4.6
48219,11376,10969,3.6
48221,23773,22805,4.1
48223,16946,16302,3.8
48225,7853,7396,5.8
48227,13881,13319,4
48229,1525,1449,5
48231,37612,35895,4.6
48233,11086,10649,3.9
48235,924,897,2.9
48237,4969,4819,3
48239,6632,6384,3.7
48241,15478,14614,5.6
48243,1180,1141,3.3
48245,112121,106045,5.4
48247,2735,2633,3.7
48249,21118,20288,3.9
48251,71728,68780,4.1
48253,7624,7267,4.7
48255,5193,4906,5.5
48257,45212,43114,4.6
48259,15371,14841,3.4
48261,236,229,3
48263,423,409,3.3
48265,22532,21758,3.4
48267,2229,2155,3.3
48269,175,167,4.6
48271,1354,1291,4.7
48273,15963,15310,4.1
48275,1806,1740,3.7
48277,24128,23018,4.6
48279,6969,6692,4
48281,10107,9738,3.7
48283,2754,2621,4.8
48285,10104,9791,3.1
48287,8865,8560,3.4
48289,7562,7252,4.1
48291,30617,29033,5.2
48293,10322,9891,4.2
48295,1840,1793,2.6
48297,5027,4834,3.8
48299,8151,7829,4
48301,41,38,7.3
48303,136021,131183,3.6
48305,2674,2544,4.9
48307,3700,3559,3.8
48309,110278,105656,4.2
48311,336,319,5.1
48313,4980,4751,4.6
48315,5072,4842,4.5
48317,2130,2054,3.6
48319,2372,2307,2.7
48321,16480,15508,5.9
48323,19826,17576,11.3
48325,19395,18592,4.1
48327,1066,1029,3.5
48329,71276,69256,2.8
48331,12218,11712,4.1
48333,2291,2208,3.6
48335,3273,3105,5.1
48337,10256,9898,3.5
48339,202727,194979,3.8
48341,10644,10337,2.9
48343,6044,5730,5.2
48345,683,656,4
48347,30250,29007,4.1
48349,20632,19629,4.9
48351,5750,5382,6.4
48353,7535,7260,3.6
48355,157697,151010,4.2
48357,5226,5090,2.6
48359,932,896,3.9
48361,40595,38499,5.2
48363,13864,13358,3.6
48365,12376,11909,3.8
48367,52087,50013,4
48369,4352,4216,3.1
48371,6555,6281,4.2
48373,16600,15638,5.8
48375,56684,54536,3.8
48377,3209,2925,8.9
48379,5118,4903,4.2
48381,66973,65024,2.9
48383,2395,2346,2
48385,1372,1319,3.9
48387,6056,5757,4.9
48389,4089,3878,5.2
48391,3863,3721,3.7
48393,561,548,2.3
48395,6906,6562,5
48397,36927,35492,3.9
48399,4415,4223,4.3
48401,23413,22450,4.1
48403,3384,3113,8
48405,3498,3310,5.4
48407,9972,9460,5.1
48409,29076,27668,4.8
48411,2470,2356,4.6
48413,1415,1366,3.5
48415,7288,7014,3.8
48417,2045,1992,2.6
48419,12175,11665,4.2
48421,1341,1295,3.4
48423,96729,92718,4.1
48425,3887,3716,4.4
48427,21264,19022,10.5
48429,4470,4314,3.5
48431,790,768,2.8
48433,878,850,3.2
48435,3105,3040,2.1
48437,3486,3338,4.2
48439,868680,831857,4.2
48441,65430,63191,3.4
48443,357,339,5
48445,5712,5452,4.6
48447,969,933,3.7
48449,14278,13748,3.7
48451,51711,49822,3.7
48453,528962,510019,3.6
48455,5840,5563,4.7
48457,8044,7607,5.4
48459,19147,18387,4
48461,1661,1611,3
48463,10957,10386,5.2
48465,20220,19130,5.4
48467,25331,24354,3.9
48469,44439,42916,3.4
48471,25823,24613,4.7
48473,16028,15312,4.5
48475,4860,4682,3.7
48477,16030,15447,3.6
48479,89295,85129,4.7
48481,20580,19730,4.1
48483,3052,2976,2.5
48485,61745,59170,4.2
48487,7660,7403,3.4
48489,7539,6932,8.1
48491,193070,185976,3.7
48493,18150,17416,4
48495,3341,3236,3.1
48497,27323,26194,4.1
48499,17919,17119,4.5
48501,3874,3749,3.2
48503,9541,9236,3.2
48505,4943,4682,5.3
48507,3713,3322,10.5
49001,3175,3095,2.5
49003,23460,22834,2.7
49005,60730,59486,2
49007,9635,9283,3.7
49009,518,500,3.5
49011,144613,140977,2.5
49013,9218,9011,2.2
49015,5134,4962,3.4
49017,2727,2602,4.6
49019,5170,4932,4.6
49021,21007,20399,2.9
49023,4112,3983,3.1
49025,3491,3381,3.2
49027,6207,6052,2.5
49029,3994,3889,2.6
49031,927,906,2.3
49033,1444,1415,2
49035,550691,536924,2.5
49037,4970,4712,5.2
49039,10955,10618,3.1
49041,9479,9220,2.7
49043,21785,21243,2.5
49045,26910,26153,2.8
49047,17270,16913,2.1
49049,223138,217722,2.4
49051,10732,10459,2.5
49053,63506,61762,2.7
49055,1399,1342,4.1
49057,112739,109285,3.1
50001,21557,20726,3.9
50003,20477,19650,4
50005,16729,15982,4.5
50007,88330,85355,3.4
50009,3264,3092,5.3
50011,25965,24842,4.3
50013,4197,3968,5.5
50015,15112,14395,4.7
50017,16481,15866,3.7
50019,14364,13489,6.1
50021,35702,34142,4.4
50023,34153,32760,4.1
50025,24701,23696,4.1
50027,32699,31596,3.4
51001,18780,18008,4.1
51003,51326,50177,2.2
51005,6979,6675,4.4
51007,6564,6383,2.8
51009,15528,14988,3.5
51011,6997,6725,3.9
51013,131366,128839,1.9
51015,37183,36204,2.6
51017,2930,2837,3.2
51019,37721,36597,3
51021,3385,3257,3.8
51023,17421,16962,2.6
51025,6873,6543,4.8
51027,8657,8235,4.9
51029,6998,6756,3.5
51031,27253,26320,3.4
51033,13902,13385,3.7
51035,13901,13116,5.6
51036,3809,3660,3.9
51037,5268,4988,5.3
51041,165682,161332,2.6
51043,8017,7802,2.7
51045,2559,2464,3.7
51047,20225,19497,3.6
51049,4592,4445,3.2
51051,5787,5484,5.2
51053,12841,12399,3.4
51057,5491,5290,3.7
51059,581377,568732,2.2
51061,36930,36005,2.5
51063,7107,6859,3.5
51065,13799,13473,2.4
51067,26388,25509,3.3
51069,41122,39905,3
51071,8144,7778,4.5
51073,20549,20039,2.5
51075,11126,10860,2.4
51077,7121,6757,5.1
51079,10420,10198,2.1
51081,4288,4095,4.5
51083,15403,14422,6.4
51085,54737,53387,2.5
51087,162619,158125,2.8
51089,25752,24336,5.5
51091,1127,1089,3.4
51093,18589,18057,2.9
51095,31343,30571,2.5
51097,3330,3214,3.5
51099,9352,9023,3.5
51101,8461,8232,2.7
51103,5318,5086,4.4
51105,9585,9186,4.2
51107,163971,160532,2.1
51109,16152,15683,2.9
51111,5508,5258,4.5
51113,7352,7156,2.7
51115,4427,4314,2.6
51117,13192,12525,5.1
51119,5041,4890,3
51121,44293,42874,3.2
51125,7904,7692,2.7
51127,9415,9159,2.7
51131,5959,5717,4.1
51133,5947,5689,4.3
51135,6577,6322,3.9
51137,15396,14903,3.2
51139,11328,10755,5.1
51141,9049,8682,4.1
51143,30955,29185,5.7
51145,14287,13950,2.4
51147,9053,8637,4.6
51149,14693,14219,3.2
51153,200311,195368,2.5
51155,17706,16730,5.5
51157,4314,4206,2.5
51159,3500,3348,4.3
51161,48977,47743,2.5
51163,11240,10912,2.9
51165,41530,40497,2.5
51167,11772,11165,5.2
51169,9804,9350,4.6
51171,20009,19372,3.2
51173,15065,14244,5.4
51175,7673,7397,3.6
51177,64669,63030,2.5
51179,64503,62816,2.6
51181,3730,3603,3.4
51183,4464,4264,4.5
51185,20298,19384,4.5
51187,19438,18846,3
51191,26738,25524,4.5
51193,8313,7964,4.2
51195,17456,16769,3.9
51197,15475,14784,4.5
51199,31002,30233,2.5
51510,89476,87484,2.2
51520,7966,7557,5.1
51530,3376,3255,3.6
51540,21246,20596,3.1
51550,114338,110894,3
51570,9205,8906,3.2
51580,2704,2545,5.9
51590,19709,18250,7.4
51595,2456,2305,6.1
51600,13902,13550,2.5
51610,6661,6456,3.1
51620,3924,3743,4.6
51630,12429,11872,4.5
51640,3124,2948,5.6
51650,68492,66052,3.6
51660,22762,22100,2.9
51670,10437,9950,4.7
51678,2367,2258,4.6
51680,33610,32350,3.7
51683,19776,19200,2.9
51685,6562,6395,2.5
51690,5919,5432,8.2
51700,87554,84430,3.6
51710,99742,95656,4.1
51720,1565,1501,4.1
51730,14087,13206,6.3
51735,6327,6183,2.3
51740,46428,44483,4.2
51750,7757,7443,4
51760,98875,94548,4.4
51770,46289,44547,3.8
51775,13370,12975,3
51790,11609,11251,3.1
51800,39794,38487,3.3
51810,222978,216854,2.7
51820,10090,9742,3.4
51830,5112,4825,5.6
51840,14328,13868,3.2
53001,8021,7495,6.6
53003,10264,9733,5.2
53005,86073,81368,5.5
53007,40622,38390,5.5
53009,30007,28041,6.6
53011,209985,196792,6.3
53013,1531,1417,7.4
53015,43809,40721,7
53017,20956,19853,5.3
53019,2975,2711,8.9
53021,32463,30208,6.9
53023,1018,963,5.4
53025,40534,37905,6.5
53027,31481,28996,7.9
53029,32973,31150,5.5
53031,13696,12968,5.3
53033,1067240,1033216,3.2
53035,123028,116967,4.9
53037,20360,19265,5.4
53039,9756,9028,7.5
53041,31212,28762,7.8
53043,4704,4429,5.8
53045,25189,23543,6.5
53047,20642,19194,7
53049,9293,8591,7.6
53051,5290,4874,7.9
53053,387377,366760,5.3
53055,8486,8160,3.8
53057,57934,54870,5.3
53059,5059,4682,7.5
53061,363266,350475,3.5
53063,233681,221245,5.3
53065,18631,17145,8
53067,128000,121724,4.9
53069,1667,1544,7.4
53071,29172,27603,5.4
53073,106348,101371,4.7
53075,20298,19433,4.3
53077,120128,111716,7
54001,6733,6366,5.5
54003,45993,44102,4.1
54005,9453,9007,4.7
54007,6019,5689,5.5
54009,10948,10298,5.9
54011,45655,43794,4.1
54013,2754,2560,7
54015,3500,3255,7
54017,2823,2685,4.9
54019,18141,17154,5.4
54021,3106,2980,4.1
54023,5310,5032,5.2
54025,15614,14669,6.1
54027,9693,9343,3.6
54029,14419,13589,5.8
54031,7222,6918,4.2
54033,30762,29452,4.3
54035,12055,11470,4.9
54037,25251,24439,3.2
54039,92044,88360,4
54041,7374,6997,5.1
54043,8018,7582,5.4
54045,12888,12212,5.2
54047,6944,6429,7.4
54049,26269,25156,4.2
54051,14867,14081,5.3
54053,10357,9643,6.9
54055,24823,23780,4.2
54057,13397,12766,4.7
54059,8806,8305,5.7
54061,47423,45933,3.1
54063,5954,5675,4.7
54065,7084,6750,4.7
54067,10793,10255,5
54069,21089,20200,4.2
54071,3807,3666,3.7
54073,3163,2982,5.7
54075,3747,3474,7.3
54077,14859,14218,4.3
54079,27468,26446,3.7
54081,32751,31296,4.4
54083,13086,12420,5.1
54085,4628,4391,5.1
54087,5595,5235,6.4
54089,4754,4469,6
54091,6946,6608,4.9
54093,2994,2812,6.1
54095,3675,3447,6.2
54097,10830,10353,4.4
54099,17752,16920,4.7
54101,3373,3182,5.7
54103,6311,5878,6.9
54105,2489,2341,5.9
54107,41151,39229,4.7
54109,8204,7700,6.1
55001,10105,9439,6.6
55003,9059,8515,6
55005,25035,23556,5.9
55007,8168,7629,6.6
55009,139064,132673,4.6
55011,8234,7874,4.4
55013,8110,7554,6.9
55015,25551,24336,4.8
55017,33801,31980,5.4
55019,17798,16780,5.7
55021,31157,29585,5
55023,9725,9198,5.4
55025,292809,282673,3.5
55027,46916,44532,5.1
55029,17012,16091,5.4
55031,23176,22016,5
55033,25963,24795,4.5
55035,57275,54873,4.2
55037,2500,2351,6
55039,56882,54193,4.7
55041,5027,4668,7.1
55043,28222,26865,4.8
55045,20355,19398,4.7
55047,10498,9927,5.4
55049,14048,13412,4.5
55051,3065,2819,8
55053,9863,9306,5.6
55055,42244,40188,4.9
55057,13299,12496,6
55059,84396,80060,5.1
55061,11720,11177,4.6
55063,64425,61901,3.9
55065,9314,8928,4.1
55067,10689,10031,6.2
55069,15570,14690,5.7
55071,44712,42275,5.5
55073,75971,72651,4.4
55075,22337,20942,6.2
55077,7925,7441,6.1
55078,1650,1478,10.4
55079,469736,442497,5.8
55081,24073,22963,4.6
55083,20353,19086,6.2
55085,19432,18232,6.2
55087,97153,92643,4.6
55089,47848,46016,3.8
55091,4121,3912,5.1
55093,23806,22767,4.4
55095,24222,22715,6.2
55097,41954,40073,4.5
55099,8232,7811,5.1
55101,100263,94374,5.9
55103,9940,9420,5.2
55105,84388,79647,5.6
55107,7306,6772,7.3
55109,47330,45004,4.9
55111,35050,33395,4.7
55113,9571,8921,6.8
55115,22167,21001,5.3
55117,66076,63287,4.2
55119,10471,9871,5.7
55121,16308,15577,4.5
55123,14217,13477,5.2
55125,11588,10847,6.4
55127,56079,53487,4.6
55129,7902,7361,6.8
55131,73845,70663,4.3
55133,214220,205558,4
55135,28194,26694,5.3
55137,12718,11975,5.8
55139,93681,89412,4.6
55141,41927,39705,5.3
56001,18535,18087,2.4
56003,4865,4668,4
56005,25965,25440,2
56007,8234,7996,2.9
56009,6892,6696,2.8
56011,3396,3303,2.7
56013,17893,17221,3.8
56015,5861,5671,3.2
56017,2350,2272,3.3
56019,3888,3759,3.3
56021,41835,40350,3.5
56023,8892,8668,2.5
56025,39943,38905,2.6
56027,1190,1154,3
56029,14091,13648,3.1
56031,3913,3757,4
56033,15654,15211,2.8
56035,6608,6512,1.5
56037,23712,23184,2.2
56039,14375,14058,2.2
56041,11113,10818,2.7
56043,4194,4048,3.5
56045,3159,3059,3.2
72001,5206,4474,14.1
72003,16278,14205,12.7
72005,22557,19657,12.9
72007,9766,8556,12.4
72009,8076,6973,13.7
72011,11148,9711,12.9
72013,33965,29866,12.1
72015,5803,4895,15.6
72017,7469,6354,14.9
72019,7900,6888,12.8
72021,84040,76436,9
72023,21096,19106,9.4
72025,55241,49106,11.1
72027,13171,11770,10.6
72029,14838,12856,13.4
72031,78610,71822,8.6
72033,8080,7093,12.2
72035,16067,13989,12.9
72037,6105,5275,13.6
72039,5296,4441,16.1
72041,16104,14069,12.6
72043,11623,10067,13.4
72045,4861,4155,14.5
72047,10861,9466,12.8
72049,858,800,6.8
72051,13110,11815,9.9
72053,15534,13459,13.4
72054,4324,3745,13.4
72055,6567,5557,15.4
72057,14966,12918,13.7
72059,6954,5939,14.6
72061,45395,42362,6.7
72063,16033,14279,10.9
72065,13211,11581,12.3
72067,6830,6102,10.7
72069,21295,18130,14.9
72071,16159,14174,12.3
72073,4559,3896,14.5
72075,17587,15484,12
72077,13513,11709,13.4
72079,9140,7934,13.2
72081,12030,10617,11.7
72083,4271,3801,11
72085,13190,11410,13.5
72087,8950,7730,13.6
72089,7313,6199,15.2
72091,15068,12983,13.8
72093,1841,1579,14.2
72095,3748,3019,19.5
72097,30885,27000,12.6
72099,15551,13717,11.8
72101,9435,8034,14.8
72103,7716,6473,16.1
72105,8740,7714,11.7
72107,5526,4700,14.9
72109,6211,5188,16.5
72111,9096,7776,14.5
72113,65445,58109,11.2
72115,8861,7786,12.1
72117,5740,5023,12.5
72119,18266,16192,11.4
72121,9677,8325,14
72123,8891,7570,14.9
72125,13283,11550,13
72127,172437,158470,8.1
72129,14740,12907,12.4
72131,15861,13837,12.8
72133,8518,7307,14.2
72135,30318,27813,8.3
72137,36123,32909,8.9
72139,35625,32943,7.5
72141,9177,7817,14.8
72143,12663,11235,11.3
72145,21115,18445,12.6
72147,3317,2955,10.9
72149,9479,8223,13.3
72151,11425,9348,18.2
72153,16635,14451,13.1
