fips,bach2010_share,bach2010
1001,21.7,7353
1003,26.8,32578
1005,13.5,2549
1007,10,1508
1009,12.5,4761
1011,12,876
1013,11,1544
1015,16.1,12513
1017,10.8,2564
1019,10.5,1948
1021,12.2,3484
1023,10.9,1067
1025,13.5,2273
1027,9.5,934
1029,8.4,851
1031,22.1,7166
1033,16.4,6230
1035,9.7,865
1037,10.6,866
1039,13.1,3409
1041,10.1,964
1043,13.8,7485
1045,17.5,5695
1047,14.3,4010
1049,10.9,5048
1051,20.2,10455
1053,10.9,2824
1055,15.8,11221
1057,9.5,1148
1059,11.8,2463
1061,8,1462
1063,9.9,603
1065,10,1055
1067,15,1795
1069,19,12571
1071,12,4440
1073,28.8,125738
1075,9.2,946
1077,21.5,13325
1079,10.7,2479
1081,30.9,23351
1083,20.8,11111
1085,12.7,969
1087,20.9,2756
1089,37.4,79352
1091,17.9,2503
1093,8.8,1922
1095,14.5,8739
1097,19.8,52232
1099,11.2,1724
1101,30.5,44334
1103,19.1,15146
1105,13.3,882
1107,11.5,1535
1109,23.7,4419
1111,12.2,1869
1113,11.9,3980
1115,14.5,7941
1117,39.6,49481
1119,12.8,1105
1121,11.9,6619
1123,15.7,4511
1125,26.2,29008
1127,9.7,4554
1129,9.3,1073
1131,13.2,1013
1133,11.1,1926
2013,9.6,290
2016,9,455
2020,33,58463
2050,13.9,1198
2060,15.9,101
2068,27.5,232
2070,20.2,535
2090,27.1,15351
2100,33.1,397
2105,27.9,447
2110,34.7,7152
2122,22.4,8128
2130,24.2,2154
2150,21.8,1745
2164,13.5,101
2170,20.8,10849
2180,14.9,747
2185,13.5,625
2188,12.5,478
2195,27.4,742
2198,17.8,655
2220,29.2,1732
2230,32.3,233
2240,20,862
2261,23.7,1507
2270,7.7,251
2275,16.2,248
2282,17.9,70
2290,11.5,401
4001,10.3,4139
4003,21.4,18645
4005,31.1,23836
4007,15,5663
4009,13.4,2882
4011,13.4,701
4012,9,1426
4013,29,689051
4015,12,17174
4017,14.4,9201
4019,29.6,188086
4021,17.9,38965
4023,17.3,4828
4025,23.7,36292
4027,13.3,15446
5001,14.3,1888
5003,13.7,2037
5005,14.5,4549
5007,25.9,34609
5009,14.5,3637
5011,12.7,1043
5013,6.6,251
5015,17.4,3301
5017,12.6,1029
5019,21.7,2914
5021,8.8,1004
5023,13.8,2590
5025,14,821
5027,20.8,3249
5029,13.8,1947
5031,23.1,13511
5033,13,5121
5035,14.2,4371
5037,12.6,1501
5039,12.4,690
5041,13.6,1176
5043,19.4,2304
5045,26.4,16960
5047,11.6,1420
5049,9.7,855
5051,20.2,13743
5053,14.7,1742
5055,12,3277
5057,14.7,2158
5059,12.5,2793
5061,12.4,1111
5063,14.7,3554
5065,12.3,1244
5067,7,890
5069,16.5,8364
5071,14.8,2408
5073,13.3,696
5075,9.2,1074
5077,8.5,619
5079,8.6,812
5081,11.9,1064
5083,11.7,1777
5085,16.6,7012
5087,13.4,1398
5089,14.8,1861
5091,12.7,3597
5093,11,3216
5095,12.3,713
5097,10.1,683
5099,10.7,666
5101,12.2,728
5103,13.2,2365
5105,10.5,764
5107,12.1,1680
5109,12.4,913
5111,8.8,1462
5113,10,1415
5115,20.1,7579
5117,11.5,717
5119,30.7,76866
5121,11.1,1376
5123,10.5,1986
5125,22.6,15787
5127,9,658
5129,9.2,550
5131,17.9,14416
5133,9.3,966
5135,12.5,1582
5137,10.4,932
5139,16.1,4590
5141,13.2,1637
5143,27.4,32453
5145,17.3,8206
5147,9,465
5149,10.3,1465
6001,40.3,400969
6003,29.7,223
6005,19,5547
6007,24.1,33435
6009,19.6,6639
6011,11.7,1518
6013,38.2,260204
6015,14.3,2771
6017,31.1,38521
6019,19.7,104284
6021,16.2,2814
6023,26.3,23322
6025,12.2,12130
6027,20.9,2755
6029,14.7,69997
6031,11.8,10764
6033,16.4,7458
6035,12.4,3079
6037,29,1817755
6039,13.5,12178
6041,54.1,98828
6043,20.4,2790
6045,22.7,13706
6047,12.5,17610
6049,15.6,1069
6051,29.9,2780
6053,23.4,59020
6055,30,27238
6057,31.9,22963
6059,36,694798
6061,34.1,77359
6063,19.8,3025
6065,20.5,263305
6067,27.8,248266
6069,18.3,6095
6071,18.4,217380
6073,34.1,663765
6075,51.2,311584
6077,17.5,70585
6079,30.6,53266
6081,44,216645
6083,31,79274
6085,45.3,526318
6087,37.3,61664
6089,20,24018
6091,23,598
6093,22.6,7258
6095,24,63923
6097,31.5,101606
6099,16.3,50216
6101,18.7,10921
6103,12.6,5188
6105,19.5,1994
6107,13,31566
6109,17.3,7201
6111,30.8,159156
6113,37.8,42603
6115,12.5,5339
8001,20.3,53474
8003,26.6,2414
8005,37.9,137039
8007,39,2754
8009,19,523
8011,13.2,584
8013,57,105430
8014,44.4,15365
8015,33.3,4420
8017,18.5,278
8019,41.6,2875
8021,18.7,975
8023,14.3,357
8025,12.2,515
8027,29.2,869
8029,18.3,3973
8031,40.1,157720
8033,14.9,216
8035,54.4,95039
8037,45.9,15600
8039,29.2,4545
8041,34.9,131532
8043,16.2,5717
8045,24.4,8624
8047,33.7,1359
8049,28.8,2856
8051,45.8,4327
8053,42,182
8055,27.2,1457
8057,21.7,231
8059,39.3,142490
8061,20.1,233
8063,14.9,844
8065,20.7,981
8067,40.6,13551
8069,42.5,78815
8071,19.3,2118
8073,15.3,594
8075,18,2697
8077,25.4,24020
8079,39.1,347
8081,14.9,1306
8083,26.5,4604
8085,22.3,6141
8087,14.6,2603
8089,15.4,1922
8091,41.3,1324
8093,32.6,4058
8095,16,468
8097,59.7,7475
8099,18.3,1458
8101,20.9,21472
8103,22.7,973
8105,19.2,1455
8107,45.6,7325
8109,19.4,819
8111,30.8,190
8113,48.8,2625
8115,12.7,229
8117,49.9,9772
8119,31,5166
8121,18.3,613
8123,25.4,37598
8125,17.8,1164
9001,43.6,264803
9003,33.3,200991
9005,32.3,43539
9007,37,43011
9009,31.7,183134
9011,30.6,56660
9013,36.8,35028
9015,21.3,16669
10001,20,20036
10003,32.4,113574
10005,21.2,29083
11001,49.2,196533
12001,40.9,57783
12003,6.2,1050
12005,20.4,23138
12007,8.6,1726
12009,26.2,101806
12011,29.6,353650
12013,11.6,1162
12015,21.3,27019
12017,16.5,18157
12019,23.8,28677
12021,30.8,71468
12023,14.9,6668
12027,11.6,2655
12029,6.2,704
12031,24.9,139127
12033,23.4,45434
12035,22,14832
12037,18.8,1634
12039,12.3,3787
12041,8.6,942
12043,11.3,1029
12045,13.6,1603
12047,7.8,768
12049,7.5,1286
12051,8.2,1919
12053,16.2,20292
12055,14.6,10761
12057,28.8,225815
12059,11.1,1543
12061,26.7,26839
12063,12.8,4446
12065,14.7,1504
12067,9,470
12069,20.3,42972
12071,24.6,108107
12073,41.3,63664
12075,12.2,3489
12077,15.1,806
12079,10.6,1406
12081,25.6,58868
12083,17.1,40863
12085,29.4,32017
12086,26.2,433756
12087,28.7,16254
12089,21.9,10909
12091,26.8,32588
12093,11.4,3013
12095,30.3,214519
12097,18.3,30130
12099,31.8,295611
12101,20,65537
12103,27.1,185602
12105,18,71553
12107,12.2,6237
12109,38.7,48221
12111,17.8,33469
12113,24.7,24564
12115,29.1,85427
12117,33.6,93233
12119,19,14030
12121,10.2,2830
12123,12,1829
12125,9.3,939
12127,21,74711
12129,17.3,3523
12131,25,9603
12133,12.8,2168
13001,8.3,1012
13003,8,400
13005,7.4,540
13007,12.2,269
13009,18.4,5290
13011,10.5,1236
13013,14.9,6220
13015,16.5,10369
13017,12.3,1398
13019,10.8,1320
13021,23.1,22801
13023,10.1,816
13025,4.9,556
13027,15.8,1673
13029,27.6,5032
13031,25.2,8690
13033,9.1,1295
13035,9.1,1440
13037,8.7,393
13039,20.4,5959
13043,13.2,891
13045,18.3,12294
13047,17.3,7256
13049,7.2,602
13051,29,47764
13053,31.5,1873
13055,8,1419
13057,33.6,44898
13059,41.2,24378
13061,8.5,171
13063,17.9,27958
13065,17.1,767
13067,43.8,192759
13069,11,2878
13071,11.2,3126
13073,33.8,25599
13075,10.4,1125
13077,25.7,20258
13079,13.6,1177
13081,11.7,1735
13083,16.8,1805
13085,18.8,2797
13087,12.5,2252
13089,38.7,173834
13091,13.8,1918
13093,9.6,934
13095,19.6,11306
13097,23.7,19134
13099,13.5,975
13101,6.1,145
13103,15.5,4902
13105,9.6,1306
13107,9.7,1398
13109,13.4,930
13111,16.2,2801
13113,41.5,28867
13115,17.9,11196
13117,43.6,45824
13119,13.6,2017
13121,47.6,275745
13123,13.4,2638
13125,10.5,213
13127,26.4,13788
13129,12.7,4391
13131,10.1,1616
13133,18.9,2141
13135,34.9,169264
13137,18.7,5099
13139,21,23050
13141,10.3,690
13143,11,2067
13145,27.4,5768
13147,15.2,2647
13149,7.3,564
13151,24.4,29578
13153,24.4,20788
13155,9.2,587
13157,17.7,6755
13159,13.3,1196
13161,11.5,1050
13163,8.7,951
13165,12.8,711
13167,8.9,608
13169,17.2,3241
13171,9.7,1118
13173,9.4,548
13175,15.9,4988
13177,19.2,3400
13179,16.3,5676
13181,9.7,541
13183,9.1,665
13185,22.3,13482
13187,19.5,3534
13189,11.5,1623
13191,15,1388
13193,10.7,1030
13195,12.9,2408
13197,6.8,375
13199,9.7,1449
13201,9.4,397
13205,9.6,1481
13207,19,3310
13209,15.5,883
13211,23.8,2920
13213,6.7,1705
13215,21.6,25071
13217,19.4,11650
13219,44.9,9052
13221,11.7,1127
13223,20.8,17307
13225,18,2904
13227,22,4485
13229,8.8,1053
13231,15.7,1770
13233,11.4,3003
13235,5.6,463
13237,18.8,2772
13239,7.4,118
13241,24.7,2913
13243,13.1,655
13245,20.3,25135
13247,23.6,12546
13249,8.7,260
13251,11.4,1088
13253,10.3,611
13255,13.6,5620
13257,13.3,2333
13259,11,442
13261,18.9,3778
13263,10.9,535
13265,6.8,97
13267,11.9,1925
13269,7.4,439
13271,8.1,911
13273,9.9,616
13275,19.6,5786
13277,16.3,4043
13279,14.3,2430
13281,20.8,1600
13283,9.9,451
13285,19.4,8064
13287,13.2,757
13289,6.7,426
13291,21.6,3467
13293,11.3,2069
13295,12.8,5899
13297,17.3,9178
13299,12.2,2913
13301,4.7,189
13303,10.7,1503
13305,10.9,2148
13307,7.9,148
13309,8.6,442
13311,19.6,3631
13313,15.1,9315
13315,8.8,562
13317,15.5,1152
13319,12.1,778
13321,9.4,1332
15001,26.6,32860
15003,31.1,196276
15005,24.3,18
15007,22.7,10280
15009,25.7,26678
16001,35,85425
16003,21.3,607
16005,27.3,13061
16007,16.7,660
16009,12.1,774
16011,15.9,4093
16013,43.2,6380
16015,23.9,1224
16017,22.5,6570
16019,26.2,15674
16021,12.9,945
16023,17.5,355
16025,22.6,175
16027,16.7,17953
16029,16.2,730
16031,15.7,2026
16033,5.3,30
16035,14.4,964
16037,24.5,745
16039,14.6,2276
16041,18.5,1321
16043,19.8,1586
16045,12.6,1435
16047,11.5,1084
16049,12.3,1422
16051,17.8,2480
16053,12.1,1504
16055,23.2,20750
16057,41.8,8391
16059,22.3,1238
16061,15.5,414
16063,11.4,348
16065,30,4007
16067,9.4,1145
16069,18.2,4819
16071,15.6,414
16073,10.3,729
16075,13.8,1946
16077,18.9,857
16079,11.9,1116
16081,31.6,1927
16083,16.8,7908
16085,36.1,2605
16087,17.4,1235
17001,21.1,9563
17003,9.5,545
17005,24.7,2976
17007,20.8,6957
17009,10.9,552
17011,16.1,3914
17013,12.5,452
17015,15.9,1803
17017,12.3,1115
17019,41.2,45688
17021,12.1,2924
17023,16.4,1870
17025,13.8,1328
17027,18.9,4846
17029,23.3,7124
17031,33.2,1133415
17033,13.5,1835
17035,13,973
17037,28,16306
17039,15.7,1812
17041,14.9,1942
17043,45.3,273068
17045,16.8,2217
17047,13.1,608
17049,20,4495
17051,14.3,2147
17053,17.8,1724
17055,12.4,3395
17057,13.4,3545
17059,10.1,414
17061,13.5,1297
17063,18.3,5794
17065,12.7,747
17067,19.1,2605
17069,11,353
17071,14.9,812
17073,20.6,7125
17075,13.7,2848
17077,35.4,11942
17079,13,880
17081,14.1,3803
17083,16,2440
17085,23,3812
17087,12.8,1150
17089,31.8,99543
17091,17.4,12509
17093,32.3,21047
17095,15.2,5554
17097,41.3,181843
17099,15.8,12202
17101,11.1,1313
17103,15,3721
17105,13.5,3643
17107,17,3557
17109,32.6,5860
17111,32.1,63396
17113,40.4,40114
17115,20.5,15369
17117,15,4935
17119,23,41074
17121,13.6,3668
17123,17.1,1546
17125,16.5,1727
17127,14.1,1525
17129,24.2,2128
17131,14.5,1679
17133,24.7,5450
17135,13.3,2837
17137,20.2,4901
17139,13.8,1374
17141,17.8,6374
17143,28.1,34036
17145,13.5,2090
17147,22.9,2656
17149,12.7,1460
17151,8.3,257
17153,11.9,497
17155,15,636
17157,12,2873
17159,18.1,2033
17161,21.1,21164
17163,23.9,41414
17165,14.3,2470
17167,31,40977
17169,17.7,932
17171,18,667
17173,14.7,2288
17175,15.2,633
17177,17.2,5734
17179,23.1,21246
17181,17.8,2244
17183,13.7,7437
17185,15.3,1277
17187,19.9,2322
17189,17.1,1769
17191,12.1,1417
17193,12.2,1298
17195,16.1,6468
17197,30.7,128311
17199,21.7,9828
17201,21.1,41061
17203,26,6501
18001,12.2,2521
18003,26.1,58226
18005,26.7,13512
18007,13.7,803
18009,12.2,1087
18011,38,13499
18013,21.2,2338
18015,14.9,2039
18017,14.1,3648
18019,17.8,12989
18021,13.8,2504
18023,13.1,2819
18025,11.5,844
18027,12.2,2367
18029,16.9,5612
18031,14.8,2511
18033,15.7,4301
18035,22.4,15869
18037,20.2,5672
18039,18.1,22201
18041,8.8,1472
18043,22.1,10874
18045,10.8,1273
18047,16.5,2546
18049,14,1969
18051,14.3,3223
18053,15.4,7019
18055,11.1,2507
18057,53.8,89662
18059,24.2,10936
18061,14.4,3774
18063,31.2,28498
18065,13.8,4718
18067,19.7,11179
18069,14.8,3631
18071,13.8,3891
18073,14.2,3026
18075,10.7,1494
18077,18.2,3911
18079,7.5,1388
18081,26.2,23080
18083,14.9,3705
18085,20.2,10089
18087,10.4,2173
18089,18.9,61004
18091,16.7,12691
18093,12.5,3976
18095,16.6,14777
18097,27.3,156910
18099,17.1,5226
18101,8.5,598
18103,10.2,2599
18105,42.7,31214
18107,17.5,4399
18109,13.9,6361
18111,9.5,939
18113,13,3965
18115,12.1,520
18117,12.5,1675
18119,8.3,1230
18121,12.7,1549
18123,8.3,1128
18125,8.3,753
18127,25.2,26973
18129,18.5,3256
18131,13.6,1250
18133,17.6,4336
18135,10.4,1862
18137,14.8,2796
18139,13.2,1550
18141,25.6,43505
18143,9.9,1610
18145,15.2,4528
18147,15.9,2304
18149,11.2,1756
18151,18.9,4264
18153,14.1,2107
18155,11.4,792
18157,35.7,32521
18159,13.5,1509
18161,15.2,762
18163,21.8,25628
18165,12.3,1407
18167,21.3,14560
18169,16.3,3614
18171,13.1,771
18173,25.6,10045
18175,10.5,1964
18177,15.8,7375
18179,14,2593
18181,14.5,2459
18183,16.6,3682
19001,13.6,741
19003,15.6,472
19005,13.5,1335
19007,16.6,1504
19009,15,662
19011,17.8,3132
19013,24.6,19797
19015,19.6,3537
19017,26.5,4169
19019,18.5,2535
19021,22.6,2830
19023,14.9,1568
19025,18,1319
19027,20,2837
19029,14.5,1422
19031,18.6,2377
19033,21.2,6568
19035,19.2,1671
19037,13.5,1170
19039,12.9,796
19041,18.5,2154
19043,14.9,1894
19045,17,5677
19047,15,1652
19049,40.2,16127
19051,17,942
19053,17.8,949
19055,14.6,1764
19057,17.6,4864
19059,27.2,3381
19061,25.3,15313
19063,18.1,1280
19065,16.5,2350
19067,14.9,1677
19069,14.4,1069
19071,17.4,918
19073,17.5,1161
19075,21.6,1860
19077,18.9,1474
19079,16.4,1793
19081,15.4,1241
19083,20.2,2440
19085,15.5,1609
19087,19.9,2684
19089,11.5,750
19091,15.9,1090
19093,18.3,907
19095,19.2,2170
19097,15,2081
19099,16.6,4305
19101,30.1,3597
19103,50.8,37140
19105,15.9,2312
19107,13.8,1011
19109,16.7,1854
19111,14.8,3698
19113,29.6,40329
19115,13.1,1005
19117,10.5,658
19119,15.9,1215
19121,18.2,1878
19123,17.9,2626
19125,24,5184
19127,18.7,4963
19129,22.6,2340
19131,16.6,1216
19133,14.7,984
19135,15.1,835
19137,17.6,1341
19139,19.8,5518
19141,19.3,1929
19143,16.3,733
19145,16.7,1928
19147,16.1,1051
19149,19.8,3307
19151,16.4,886
19153,32.8,89668
19155,17.3,10554
19157,21.7,2700
19159,20.8,752
19161,18.2,1360
19163,29.7,31888
19165,16.1,1394
19167,22.4,4415
19169,47.2,21737
19171,16.5,1997
19173,12.3,550
19175,15.6,1302
19177,13.5,725
19179,14.9,3565
19181,26.7,7804
19183,19.4,2860
19185,10.8,485
19187,18,4560
19189,19.3,1455
19191,26.3,3458
19193,20.8,13263
19195,16,857
19197,15.7,1458
20001,17.7,1587
20003,15.9,870
20005,22.3,2322
20007,18.7,651
20009,20.5,3725
20011,20.4,2008
20013,16.3,1100
20015,24.8,10249
20017,18.8,369
20019,17,459
20021,14.5,2112
20023,16.4,331
20025,19.7,307
20027,18.9,1134
20029,15.2,974
20031,20,1183
20033,16.4,227
20035,19.5,4561
20037,26.3,6167
20039,17.6,419
20041,19.9,2657
20043,16.3,843
20045,48.3,28905
20047,21.1,465
20049,17.1,373
20051,33.6,5600
20053,19.8,927
20055,17.3,3555
20057,17.2,3308
20059,18.5,3090
20061,19.4,3363
20063,16.9,338
20065,24.2,476
20067,15.9,747
20069,19.8,714
20071,20.7,175
20073,14.6,709
20075,14.9,244
20077,16.3,684
20079,25.5,5681
20081,14.8,369
20083,22.9,303
20085,17.7,1554
20087,22.2,2881
20089,18.9,455
20091,51.1,179511
20093,12.3,291
20095,20.2,1120
20097,20.9,369
20099,17.8,2576
20101,22.2,279
20103,28.8,14298
20105,17.1,402
20107,13.5,929
20109,18,356
20111,23.5,4830
20113,25.1,4924
20115,19.5,1676
20117,12.7,909
20119,20.9,600
20121,23,4889
20123,20.8,936
20125,18.6,4398
20127,16.6,701
20129,19.1,399
20131,17.1,1186
20133,16.2,1729
20135,18.9,433
20137,17.3,729
20139,19.4,2165
20141,18,507
20143,19.6,826
20145,16.9,828
20147,17.1,672
20149,28.4,3741
20151,22.7,1459
20153,19.8,384
20155,18.8,8084
20157,18.6,712
20159,20.9,1388
20161,42.3,13824
20163,20.4,743
20165,16.2,397
20167,20.4,1029
20169,23.6,8531
20171,20.3,677
20173,27.5,84343
20175,13.5,1706
20177,28.9,33704
20179,21.8,394
20181,19.1,829
20183,14.9,454
20185,20.7,639
20187,14.2,209
20189,13.9,502
20191,18.7,2972
20193,23.4,1143
20195,22.2,491
20197,21.8,1034
20199,23.4,243
20201,18.2,765
20203,15.9,242
20205,10.7,703
20207,12.8,314
20209,15.2,14656
21001,14.4,1761
21003,10.6,1393
21005,17.3,2449
21007,10.7,620
21009,15,4278
21011,13.2,1036
21013,11.3,2228
21015,28.2,20679
21017,17.4,2375
21019,15.8,5533
21021,23.3,4423
21023,11.6,651
21025,10.4,1014
21027,7.8,1058
21029,11.1,5337
21031,7.8,684
21033,14,1275
21035,28.2,6302
21037,26.3,15391
21039,10.6,382
21041,9.3,657
21043,10.2,1908
21045,9.5,1037
21047,13.7,5694
21049,17.7,4294
21051,7.5,1129
21053,3.7,257
21055,9.3,593
21057,7.9,378
21059,18.2,11552
21061,7.2,592
21063,7.1,366
21065,6.6,676
21067,39.1,72480
21069,12.7,1222
21071,11.7,3228
21073,27.2,9117
21075,10.9,533
21077,9,490
21079,13.8,1646
21081,10.8,1683
21083,14.4,3618
21085,7.5,1289
21087,11.4,914
21089,14.9,3845
21091,10.8,616
21093,18.5,11952
21095,11.1,2253
21097,13.8,1765
21099,9.2,1122
21101,16.1,5043
21103,14.1,1479
21105,16.5,589
21107,13.2,4267
21109,6.2,573
21111,28.5,140531
21113,27.4,8241
21115,10.5,1690
21117,27.5,28681
21119,12.4,1401
21121,8.5,1772
21123,12.1,1166
21125,13.6,5310
21127,8.2,879
21129,7.8,439
21131,8.1,636
21133,11.7,1994
21135,11.6,1115
21137,10.4,1728
21139,10.7,732
21141,10.3,1885
21143,10.8,705
21145,21,9573
21147,8,957
21149,9.7,634
21151,27.4,13684
21153,10.5,895
21155,11.4,1497
21157,14.8,3325
21159,8.9,812
21161,14.3,1682
21163,11.5,2108
21165,10.3,473
21167,17,2502
21169,7.2,497
21171,11.6,881
21173,15.1,2641
21175,11.8,1171
21177,10.2,2250
21179,15.4,4334
21181,9.4,465
21183,9.4,1512
21185,37,14331
21187,18.6,1376
21189,5.9,193
21191,10.5,1025
21193,11.9,2356
21195,12,5453
21197,10.4,884
21199,14.5,6267
21201,7.4,102
21203,11.6,1352
21205,24.7,3315
21207,12.7,1545
21209,26.3,7545
21211,23.2,6325
21213,15.6,1795
21215,16.6,1841
21217,14.9,2379
21219,10,782
21221,15.8,1585
21223,13.1,783
21225,12.4,1185
21227,27.5,18309
21229,12.8,978
21231,9,1287
21233,8.5,799
21235,11.9,2769
21237,7.6,375
21239,33.1,5554
22001,10.9,4202
22003,9.1,1600
22005,21.9,14108
22007,8.5,1313
22009,10.2,2847
22011,14.8,3373
22013,12.8,1252
22015,21.6,15740
22017,22,36209
22019,19.2,23338
22021,11.7,799
22023,11.7,575
22025,10.5,741
22027,11.3,1348
22029,11,1467
22031,13.6,2379
22033,32.9,87889
22035,8.3,433
22037,12.4,1738
22039,10.7,2321
22041,11.3,1541
22043,11.8,1720
22045,13.4,6177
22047,11,2457
22049,13.5,1461
22051,23.2,68149
22053,11.6,2347
22055,27.6,37413
22057,14.3,8823
22059,13.1,1284
22061,31.8,7958
22063,16.4,12725
22065,10.9,859
22067,11.1,2095
22069,21.2,4945
22071,31.6,61626
22073,23.5,22379
22075,17.4,2507
22077,15.3,2368
22079,19.4,16446
22081,12.5,743
22083,12.2,1660
22085,11.6,1868
22087,9.9,1762
22089,19.7,6635
22091,11.1,804
22093,12.4,1763
22095,15.8,4591
22097,12.5,6700
22099,11.6,3848
22101,10.4,3655
22103,30.1,45964
22105,19.7,14409
22107,12.9,477
22109,13.8,9728
22111,13.8,2127
22113,11.7,4309
22115,15.6,4629
22117,11.8,3639
22119,13.5,3745
22121,16.5,2476
22123,9.8,751
22125,12.8,1504
22127,11.2,1196
23001,18.4,13466
23003,16.2,8390
23005,39.5,76776
23007,24.5,5101
23009,30.1,11915
23011,24.1,20469
23013,26.9,7931
23015,31.6,8158
23017,18.5,7594
23019,23.3,23836
23021,15,1959
23023,29.6,7535
23025,15.3,5684
23027,23.1,6333
23029,19,4550
23031,26.7,37095
24001,15.9,8168
24003,35.7,126788
24005,35.2,190669
24009,29,16604
24011,15.2,3278
24013,31.1,34442
24015,20.9,13758
24017,26.1,24169
24019,16.5,3748
24021,35.8,54029
24023,17.5,3656
24025,30.5,49255
24027,58.3,107910
24029,30.2,4201
24031,56.7,365613
24033,29.6,162079
24035,29.6,9518
24037,27.4,17756
24039,14.3,2412
24041,32.7,8970
24043,18.7,18735
24045,24.7,15107
24047,26.1,9967
24510,25.2,102195
25001,40.5,66482
25003,29.6,27539
25005,24.7,91471
25007,40,4519
25009,36.1,179893
25011,32.5,16596
25013,23.8,72085
25015,41.3,39654
25017,49.3,502408
25019,40.2,2936
25021,47.4,216216
25023,32.5,107296
25025,38.9,176883
25027,32.9,173677
26001,12.4,1107
26003,16.9,1246
26005,19.4,14163
26007,15.5,3306
26009,23.3,4045
26011,10.6,1279
26013,11.4,741
26015,16.6,6666
26017,18,13421
26019,25.2,3208
26021,23.3,24786
26023,14.1,4415
26025,18.8,17082
26027,15.8,5703
26029,24.5,4545
26031,17.8,3433
26033,18,4853
26035,10.3,2270
26037,27.2,13054
26039,14.1,1468
26041,18.7,4983
26043,17.9,3381
26045,24.3,17578
26047,29.5,6687
26049,19,53944
26051,11.1,2098
26053,18.6,2292
26055,28.9,17193
26057,13.5,3784
26059,14.2,4402
26061,26.9,5718
26063,13.8,3350
26065,35.5,58793
26067,13.1,5543
26069,13.6,2698
26071,15.1,1396
26073,25.8,8971
26075,17.5,18983
26077,33.4,50814
26079,11.6,1409
26081,29.9,112550
26083,22,347
26085,8.5,711
26087,17,10233
26089,39.4,6317
26091,19.2,12945
26093,31.2,37695
26095,13.5,684
26097,20.1,1696
26099,21.8,124954
26101,16.8,3071
26103,29.7,13015
26105,19.4,3933
26107,20.1,5046
26109,13.4,2342
26111,32.2,17839
26113,12.9,1306
26115,17,17333
26117,12.7,5357
26119,10.6,814
26121,16.5,18709
26123,13.2,4275
26125,42.2,347043
26127,14.3,2582
26129,10.7,1692
26131,16.5,912
26133,11.9,1895
26135,8.9,577
26137,19.4,3261
26139,28.8,45763
26141,14.3,1504
26143,13.6,2627
26145,18,23905
26147,15,16785
26149,14,5663
26151,11,3291
26153,13.2,844
26155,14.9,7114
26157,12.4,4750
26159,18.3,9273
26161,50.8,107122
26163,20.2,243882
26165,16.4,3604
27001,14.4,1805
27003,25.7,54921
27005,21.3,4690
27007,29.1,7669
27009,19.6,4781
27011,16,619
27013,30.1,10768
27015,18.5,3269
27017,21.4,5135
27019,42.7,23886
27021,20.2,4130
27023,15.8,1351
27025,17,5957
27027,31.5,10620
27029,14.5,854
27031,32.9,1346
27033,15.7,1277
27035,22,9381
27037,38.1,97723
27039,21.9,2782
27041,21.4,5344
27043,15.3,1601
27045,19.3,2768
27047,13.8,3063
27049,22.7,7145
27051,18.1,790
27053,44,335598
27055,22,2928
27057,23.3,3376
27059,16,3920
27061,20.8,6614
27063,16.2,1180
27065,13.9,1565
27067,21,5806
27069,19.1,639
27071,16.3,1583
27073,16.2,868
27075,20.1,1642
27077,18.6,566
27079,21.2,3941
27081,17.8,761
27083,25.7,4105
27085,18.3,4486
27087,13.5,455
27089,16,1079
27091,17.5,2577
27093,15.7,2466
27095,14.8,2578
27097,14.5,3223
27099,15.9,4123
27101,15,953
27103,33.6,6618
27105,16,2189
27107,14.9,719
27109,39.1,36603
27111,19.7,8032
27113,15.4,1435
27115,12.9,2656
27117,15.4,1004
27119,20.6,4253
27121,18.4,1466
27123,38.9,126123
27125,13,371
27127,16.4,1797
27129,16,1773
27131,27.1,10444
27133,16.8,1087
27135,16.4,1727
27137,25.6,34252
27139,36,28623
27141,24.2,13001
27143,13.4,1377
27145,23.6,21114
27147,22,5324
27149,23.5,1372
27151,15.2,1075
27153,12.2,2026
27155,14.7,394
27157,17.9,2687
27159,14.8,1413
27161,18.3,2414
27163,40,60776
27165,15,1137
27167,18.4,844
27169,25.1,7545
27171,23.8,18136
27173,18.4,1325
28001,19.3,4086
28003,16,3991
28005,9.2,835
28007,17.1,2193
28009,9.6,561
28011,20.4,4380
28013,10.1,1010
28015,16.4,1239
28017,11.2,1265
28019,10.9,644
28021,17.5,1012
28023,8.3,926
28025,18.1,2449
28027,14.3,2261
28029,14.1,2642
28031,15.8,2002
28033,21.1,20808
28035,25.9,11435
28037,13.2,704
28039,11,1554
28041,8.3,783
28043,18.6,2730
28045,21.7,6248
28047,20,23534
28049,27.2,41040
28051,11.2,1285
28053,11.5,676
28055,4.3,52
28057,12.4,1887
28059,18.4,16482
28061,11.6,1328
28063,20.5,1101
28065,11.9,1026
28067,15.8,6830
28069,8.9,618
28071,39.3,9700
28073,31.8,10391
28075,18.8,9639
28077,11.8,1004
28079,9.6,1347
28081,20.9,11004
28083,16.6,3311
28085,17.2,3909
28087,20.1,7599
28089,42.6,24960
28091,12.5,2184
28093,10.2,2483
28095,13.2,3279
28097,16.3,1181
28099,12.4,2289
28101,12.7,1755
28103,13.1,968
28105,39.9,9330
28107,12.5,2758
28109,14.6,5414
28111,10,810
28113,15.7,4062
28115,11.4,2156
28117,11.8,1943
28119,11,593
28121,28,25741
28123,10.3,1826
28125,17.8,558
28127,14.3,2561
28129,14.8,1585
28131,13.5,1472
28133,13,2487
28135,9,882
28137,14.1,2479
28139,10.4,1507
28141,10.7,1447
28143,14.6,959
28145,14.5,2581
28147,14,1410
28149,24.4,7777
28151,17.6,5689
28153,11.3,1530
28155,17.2,1168
28157,9,605
28159,14.7,1901
28161,12.3,1046
28163,11.9,2212
29001,25.5,3478
29003,20.5,2369
29005,21,877
29007,14,2422
29009,12.4,2974
29011,13.2,1102
29013,11.7,1349
29015,12.5,1793
29017,10.1,851
29019,45.2,40995
29021,19.4,11248
29023,14.1,4079
29025,11.8,746
29027,20.4,5805
29029,21,6718
29031,26.9,12731
29033,17.9,1172
29035,11.1,459
29037,21.4,13658
29039,11.9,1169
29041,14.2,788
29043,26.9,12960
29045,12.9,633
29047,30.2,42764
29049,17.6,2452
29051,30.5,14861
29053,15.7,1847
29055,10.8,1792
29057,9.1,510
29059,10.7,1216
29061,14.4,794
29063,12,1134
29065,11.2,1199
29067,10.2,946
29069,10.1,2154
29071,16.5,11025
29073,14.1,1525
29075,12,545
29077,27.5,47885
29079,12.8,879
29081,7.6,468
29083,15.1,2386
29085,8.1,600
29087,16.3,591
29089,21.6,1422
29091,14.1,3736
29093,9.1,672
29095,26.9,118245
29097,18.6,13658
29099,16.1,22973
29101,24.1,7111
29103,13.9,392
29105,13,3055
29107,15.9,3575
29109,13.3,3376
29111,13,852
29113,11.9,3883
29115,14.3,1251
29117,19,1974
29119,8.9,1283
29121,15,1603
29123,10.7,892
29125,14.2,881
29127,16.9,3214
29129,14.2,364
29131,11.9,1992
29133,10.5,1005
29135,17.1,1757
29137,11.9,741
29139,12.2,1033
29141,11.8,1729
29143,12.2,1562
29145,18.3,6910
29147,23.7,2965
29149,10.2,770
29151,13.2,1191
29153,11.1,795
29155,9.8,1150
29157,12.2,1538
29159,15.8,4261
29161,25.3,6768
29163,12.6,1610
29165,36.9,21480
29167,16.6,3249
29169,18.4,4805
29171,15.6,540
29173,16.1,1149
29175,11.7,2012
29177,13.5,2128
29179,6.7,315
29181,12.2,1175
29183,33.4,76216
29185,14.1,1010
29186,11.6,1460
29187,14.8,6524
29189,39.1,263517
29195,17.7,2663
29197,9.6,281
29199,17.8,568
29201,13.7,3578
29203,13.7,783
29205,13.4,589
29207,11.7,2413
29209,16.8,4021
29211,9.9,459
29213,20,6735
29215,11.8,2083
29217,14.3,1978
29219,16.9,3579
29221,7.7,1294
29223,8.7,836
29225,14.7,3367
29227,12.8,197
29229,11.3,1404
29510,26.9,56466
30001,30.4,1820
30003,12.6,900
30005,17.2,678
30007,15.2,532
30009,28.5,2094
30011,15.2,151
30013,23.9,12795
30015,22.5,848
30017,19.2,1516
30019,19.7,243
30021,18.4,1150
30023,18.8,1236
30025,15.7,311
30027,23,1924
30029,26.7,16245
30031,45,24449
30033,14.1,117
30035,15.6,1210
30037,23.7,137
30039,23.9,559
30041,20.4,2035
30043,32,2529
30045,28.5,444
30047,25.2,4763
30049,34.7,14544
30051,17,262
30053,16.4,2385
30055,18.6,223
30057,33.8,1984
30059,15.8,225
30061,13.6,413
30063,38.4,26341
30065,13.4,437
30067,31.4,3683
30069,13.8,62
30071,15.8,483
30073,19.3,807
30075,16.1,187
30077,18.7,994
30079,13.4,114
30081,25,7095
30083,16.6,1086
30085,17.3,1019
30087,17.6,982
30089,15.6,1306
30091,15.7,431
30093,22.9,5282
30095,22.3,1424
30097,28.8,776
30099,22.9,984
30101,17.4,644
30103,20.9,119
30105,16.9,873
30107,16.4,256
30109,15.9,122
30111,29,28058
31001,21.5,4280
31003,16.5,775
31005,17.9,51
31007,25.1,124
31009,19.8,82
31011,15.8,607
31013,19.5,1481
31015,13.2,199
31017,16.8,385
31019,32,8619
31021,18.3,913
31023,15.7,909
31025,23.5,4024
31027,15.1,906
31029,14.6,401
31031,22.6,922
31033,27.1,1881
31035,16.4,726
31037,12.7,812
31039,15.7,995
31041,18,1381
31043,10.8,1371
31045,36.5,1953
31047,14.7,2271
31049,18.2,268
31051,13,523
31053,17.3,4271
31055,35.8,115026
31057,25.9,379
31059,17.6,742
31061,16.3,384
31063,19.8,372
31065,16.3,570
31067,19.1,2979
31069,20.2,329
31071,13.8,208
31073,16.4,247
31075,17.3,81
31077,12.5,221
31079,16.3,5956
31081,21.8,1356
31083,16.9,431
31085,16.6,121
31087,13.7,294
31089,16.1,1187
31091,22.1,113
31093,13.9,605
31095,14.7,811
31097,11.8,474
31099,25,1136
31101,19.5,1187
31103,14,82
31105,19.8,537
31107,17.5,1085
31109,35.3,60712
31111,19,4634
31113,18.8,93
31115,10,43
31117,24.3,84
31119,20,4435
31121,13.5,715
31123,21,725
31125,11.6,304
31127,23,1085
31129,12.4,415
31131,21.5,2326
31133,14.8,305
31135,18.4,376
31137,22.7,1463
31139,14.3,703
31141,18.9,3865
31143,16.1,616
31145,21.6,1621
31147,15.2,927
31149,23.3,290
31151,15.3,1329
31153,36.1,33986
31155,23.7,3280
31157,19.5,4731
31159,27.3,2838
31161,22.6,889
31163,15.7,355
31165,26,264
31167,12,483
31169,16.1,622
31171,16.2,90
31173,13.2,493
31175,17.1,528
31177,29.1,3835
31179,28,1426
31181,12.7,348
31183,23.5,128
31185,21.5,2030
32001,18.2,2986
32003,21.7,269612
32005,25.9,8845
32007,15.8,4604
32009,21.1,160
32011,17.8,212
32013,13.4,1362
32015,12.9,451
32017,15.8,485
32019,12.7,4391
32021,8.2,311
32023,10.5,3327
32027,12.4,634
32029,13.9,420
32031,26.7,72204
32033,13.4,846
32510,21.6,8211
33001,26.9,11600
33003,30.3,10783
33005,29.8,15246
33007,16.1,3976
33009,35.3,20832
33011,34.5,92894
33013,32.7,32841
33015,36.6,74428
33017,30,23278
33019,25.9,8075
34001,23.6,43299
34003,44.5,278406
34005,33.5,102101
34007,27.9,94803
34009,26.4,18798
34011,13.3,13703
34013,31.6,161541
34015,26.9,50586
34017,34.6,148368
34019,47.5,41862
34021,38.2,92155
34023,38.4,205064
34025,39.2,166852
34027,48.4,162667
34029,24.3,95921
34031,25.2,81002
34033,18.3,8189
34035,49.8,108480
34037,31.4,31825
34039,31.2,110508
34041,28.6,21197
35001,31.5,133317
35003,21.3,672
35005,15.7,6239
35006,11.5,2016
35007,19.9,1971
35009,18.2,5166
35011,19.7,258
35013,25.4,30641
35015,15.1,5149
35017,24.1,5001
35019,7.4,251
35021,18.2,103
35023,15.6,496
35025,12.9,4862
35027,23.9,3602
35028,64,8211
35029,13.5,2167
35031,10.9,4288
35033,15.4,537
35035,17.7,7113
35037,14.8,933
35039,16.1,4263
35041,21.2,2355
35043,28.4,22965
35045,15,11572
35047,23.3,4534
35049,40,40086
35051,16.8,1426
35053,22.3,2467
35055,30.1,7055
35057,14,1543
35059,17.8,513
35061,16.8,7999
36001,37.6,75590
36003,18.6,5687
36005,17.6,147842
36007,25.1,33568
36009,18.1,9694
36011,18.4,10185
36013,20.3,18255
36015,20.9,12643
36017,17,5969
36019,21.7,11981
36021,28.2,12715
36023,24.3,7311
36025,19.1,6462
36027,32,62949
36029,29.1,181173
36031,25.5,7268
36033,17.3,6152
36035,14.3,5534
36037,20.2,8271
36039,19.2,6647
36041,25.9,991
36043,18.2,8046
36045,20.2,14423
36047,28.8,464606
36049,14.4,2591
36051,23.4,9901
36053,23.7,11053
36055,34.8,169562
36057,15.9,5411
36059,40.9,369918
36061,57,665053
36063,19.6,29042
36065,21.5,34258
36067,32,97382
36069,31,22361
36071,27.7,64291
36073,15.1,4399
36075,15.7,12266
36077,25.5,10184
36079,38,25840
36081,29.5,450718
36083,26.7,28383
36085,28.5,88677
36087,40.7,78396
36089,18.7,13118
36091,34.6,51696
36093,28.7,29720
36095,21,4640
36097,17.4,2258
36099,18.1,4392
36101,19.9,13388
36103,31.9,316995
36105,20.3,10850
36107,22.7,7973
36109,49.7,28313
36111,29.5,37367
36113,27.3,12743
36115,16.8,7365
36117,21.5,13691
36119,44.5,282799
36121,14.8,4423
36123,22.1,3596
37001,21.4,20812
37003,11.8,3013
37005,16.1,1298
37007,8.4,1548
37009,17.2,3399
37011,20.3,2648
37013,19,6310
37015,10.1,1471
37017,9.8,2293
37019,23.4,17799
37021,31.2,51406
37023,15.1,9344
37025,23.5,26008
37027,12.3,7006
37029,19,1187
37031,23.8,11390
37033,11.1,1896
37035,19.4,20103
37037,35.1,15481
37039,15.9,3229
37041,15.7,1575
37043,18.6,1460
37045,15.7,10307
37047,12,4602
37049,21.3,13692
37051,21.8,40825
37053,17.2,2743
37055,32.1,7910
37057,16.3,17892
37059,23.6,6650
37061,10.1,3762
37063,44.1,74579
37065,10.1,3737
37067,31.2,70299
37069,15.2,5965
37071,18.1,24734
37073,10.5,859
37075,13,784
37077,13.8,5474
37079,9.2,1329
37081,32.4,100137
37083,11.4,4268
37085,16,10884
37087,20.6,8823
37089,27.3,20687
37091,15.7,2594
37093,15.1,4037
37095,11.7,491
37097,21.6,22258
37099,27,6657
37101,19.3,20140
37103,10.7,756
37105,18,6580
37107,14.5,5842
37109,17.8,9297
37111,14,4391
37113,19.5,4784
37115,19.2,2760
37117,12.2,2070
37119,40,229184
37121,14.4,1660
37123,14.8,2756
37125,29.8,18342
37127,19.1,12131
37129,36.1,47632
37131,12,1866
37133,17.7,15355
37135,54.4,42581
37137,17.5,1721
37139,18.7,4814
37141,17.8,6263
37143,18.1,1700
37145,13.8,3692
37147,28.2,26650
37149,27.2,4158
37151,13,12265
37153,10,3071
37155,12.1,9888
37157,12.5,8158
37159,17,15565
37161,14.6,6838
37163,12.4,5160
37165,14,3289
37167,15.3,6206
37169,10.9,3606
37171,14.9,7572
37173,18.6,1773
37175,27,6529
37177,8.4,288
37179,29.1,34629
37181,10.7,3121
37183,47.4,259113
37185,13.9,2033
37187,11.8,1072
37189,37.1,9947
37191,16.2,12630
37193,12.3,5939
37195,17.5,9216
37197,11.2,2928
37199,15.2,1974
38001,18.4,324
38003,25.8,2001
38005,9.8,374
38007,16.8,110
38009,21.6,1005
38011,19.7,446
38013,17.6,268
38015,32.3,16906
38017,36.4,32199
38019,17.8,540
38021,19.1,685
38023,19.2,310
38025,15.1,366
38027,17.8,313
38029,13.7,369
38031,18.2,447
38033,19.5,214
38035,33.3,12630
38037,16.4,307
38039,19,357
38041,19.7,373
38043,16,292
38045,20,626
38047,12.5,188
38049,14.3,558
38051,16.1,369
38053,21.2,831
38055,17.4,1165
38057,16.7,994
38059,22.3,4074
38061,19.9,949
38063,21.4,506
38065,19.4,253
38067,16.7,908
38069,11.1,358
38071,20.9,1634
38073,17.7,701
38075,20.3,354
38077,22.4,2355
38079,16.5,1279
38081,15,422
38083,14.7,152
38085,12.3,265
38087,28.1,147
38089,23.1,3569
38091,18.4,256
38093,22.7,3260
38095,20.2,333
38097,26.3,1459
38099,15.8,1263
38101,25.8,9527
38103,19.6,645
38105,19.3,2772
39001,10.7,2042
39003,15.8,10937
39005,17.5,6086
39007,12.9,8943
39009,27.3,9047
39011,15.5,4749
39013,14.1,7127
39015,9.8,2931
39017,25.9,59789
39019,12,2420
39021,15.3,4061
39023,16.2,15154
39025,24.8,31861
39027,14.7,4065
39029,12.4,9412
39031,11.6,2886
39033,10.5,3214
39035,28.2,248530
39037,11.3,4021
39039,16.3,4221
39041,49.5,53173
39043,20.1,10855
39045,24.4,23037
39047,13.1,2538
39049,35,256450
39051,14.9,4211
39053,14.3,2958
39055,34,21229
39057,34.5,34992
39059,11.2,3051
39061,32.5,171219
39063,24.4,12000
39065,15.1,2937
39067,9,1009
39069,13.1,2494
39071,9.7,2797
39073,10.2,2031
39075,9.4,2199
39077,12.1,4740
39079,12,2665
39081,14.1,6958
39083,19,7285
39085,24.2,38818
39087,12.9,5530
39089,22.1,23915
39091,14.3,4387
39093,20.6,41521
39095,23,66301
39097,15.6,4580
39099,20.4,34372
39101,12,5484
39103,29.5,33743
39105,10.3,1690
39107,15.4,4132
39109,20,13909
39111,9.2,970
39113,24.3,87879
39115,8.7,903
39117,13.6,3149
39119,14.2,8126
39121,9.1,992
39123,18.9,5668
39125,10.7,1411
39127,8.9,2089
39129,13.5,5028
39131,12.6,2390
39133,24.9,25107
39135,12,3451
39137,18.1,4072
39139,14.9,12873
39141,13.1,7049
39143,13.1,5418
39145,12.7,6768
39147,16.1,6023
39149,14,4467
39151,20.4,52198
39153,29.2,107493
39155,16.3,24091
39157,14.3,9036
39159,27.3,9046
39161,14.1,2755
39163,9.2,831
39165,35.9,48840
39167,16,6910
39169,19.1,14066
39171,12.9,3341
39173,29.3,22405
39175,13.4,2066
40001,10.6,1490
40003,17.9,769
40005,14.5,1406
40007,17.9,683
40009,14.7,2015
40011,15.9,1321
40013,20.3,5425
40015,13.7,2578
40017,25.3,18126
40019,16.4,5107
40021,23.8,6698
40023,11.5,1169
40025,16.9,286
40027,31.2,47554
40029,9.1,350
40031,19.8,14435
40033,18.6,791
40035,13.5,1396
40037,14.9,6871
40039,25,3926
40041,14.3,4103
40043,19.2,640
40045,23.3,671
40047,21.8,8473
40049,15.4,2883
40051,16.8,5658
40053,20.8,668
40055,13,571
40057,15.5,308
40059,17.1,422
40061,13.4,1131
40063,11.8,1117
40065,21.2,3487
40067,11.2,496
40069,19,1300
40071,19.9,6099
40073,17.1,1652
40075,16.4,1065
40077,13.8,980
40079,11.4,3737
40081,13.7,3056
40083,23.2,6027
40085,13.9,886
40087,17.9,3941
40089,12.3,2673
40091,11.1,1592
40093,16.4,862
40095,15.9,1693
40097,11.9,3221
40099,13.3,1216
40101,17.5,8086
40103,17.5,1372
40105,12.6,901
40107,10.9,900
40109,28.2,127572
40111,13.5,3511
40113,17.8,5689
40115,13.1,2767
40117,16.1,1807
40119,34,13849
40121,15.1,4805
40123,26.2,6145
40125,16.6,7368
40127,11.6,922
40129,20.1,492
40131,21.2,11691
40133,13.3,2167
40135,12.2,3367
40137,16.5,4998
40139,20.3,2413
40141,14.6,785
40143,28.8,109834
40145,20.8,9588
40147,26.1,8912
40149,16.4,1254
40151,28.5,1604
40153,17.4,2302
41001,20.5,2386
41003,47.9,23563
41005,31.4,79142
41007,21.6,5540
41009,16.8,5586
41011,18.3,8476
41013,15.4,2354
41015,18.5,3237
41017,29.1,31075
41019,15.5,11864
41021,18.8,252
41023,17.2,934
41025,16.2,838
41027,25.9,3734
41029,24.4,33886
41031,15.9,2229
41033,16.5,9790
41035,18.1,8170
41037,16.4,955
41039,27.7,64230
41041,23.8,8240
41043,16.3,12513
41045,13.8,2803
41047,20.9,41222
41049,11.5,810
41051,37.5,185599
41053,28.1,13190
41055,15.4,198
41057,20,3681
41059,14.6,6991
41061,20.3,3397
41063,21.1,1097
41065,21.5,3672
41067,38.9,132125
41069,18.2,209
41071,23,14326
42001,18.5,12575
42003,34.1,292012
42005,13.9,6935
42007,19.2,23522
42009,12.5,4424
42011,21.7,58438
42013,17.3,15285
42015,15.7,6800
42017,34.5,148036
42019,28.8,35756
42021,17.5,17934
42023,14.9,568
42025,14.6,6770
42027,40,33064
42029,47.8,154854
42031,17.2,4460
42033,12.3,7172
42035,16.7,4198
42037,18.3,7937
42039,18.3,11063
42041,32.3,50850
42043,27.1,48918
42045,34.7,127397
42047,16.2,3796
42049,23.3,42606
42051,13.9,13833
42053,9.6,541
42055,18.3,18235
42057,9.9,1012
42059,14.6,3978
42061,13.8,4424
42063,19.2,10713
42065,12,3801
42067,10.8,1794
42069,23.7,35208
42071,23.3,77599
42073,18.6,11916
42075,18.3,16456
42077,27,62649
42079,20.2,45509
42081,18.8,14872
42083,15.6,4755
42085,19,15277
42087,11.1,3564
42089,23.8,26161
42091,44.2,241168
42093,25,3211
42095,26.3,52654
42097,13.5,9083
42099,14,4375
42101,22.2,214357
42103,23.3,9144
42105,12.4,1523
42107,13.6,14603
42109,15.3,3898
42111,14.3,8119
42113,11.4,538
42115,15.4,4721
42117,17.7,5008
42119,22.2,6703
42121,14.1,5511
42123,16.9,5058
42125,24.2,35215
42127,17.9,6854
42129,24,63323
42131,16.8,3267
42133,21.5,62625
44001,41.1,13904
44003,29.2,34848
44005,43.4,25594
44007,25.6,105594
44009,41.7,35018
45001,15.3,2642
45003,23.5,24888
45005,13.2,947
45007,18,22307
45009,17.4,1793
45011,11.5,1725
45013,37.4,39626
45015,18.3,19830
45017,20.3,2147
45019,37.5,85342
45021,11.7,4248
45023,11.2,2489
45025,11.1,3390
45027,13.2,3046
45029,13.6,3509
45031,15.9,7262
45033,9.2,1856
45035,24.1,20105
45037,16.3,3036
45039,15.9,2598
45041,20.8,18426
45043,21.8,9291
45045,30,86741
45047,22,9949
45049,11,1545
45051,21.8,39457
45053,9.4,1401
45055,18.5,7483
45057,15.4,7617
45059,14.5,6503
45061,8.5,1105
45063,27.6,46427
45065,16,1285
45067,12.9,2878
45069,8.6,1727
45071,19.3,4826
45073,21.4,11026
45075,16.7,9876
45077,23.5,16916
45079,36.5,84060
45081,12.6,1689
45083,19.9,36484
45085,17.4,11730
45087,12.9,2595
45089,11.3,2591
45091,26.9,37689
46003,12.2,231
46005,19.7,2265
46007,15.7,305
46009,15.4,799
46011,37.7,6095
46013,24.1,5737
46015,25.2,817
46017,8.3,77
46019,19.2,1288
46021,16.9,182
46023,15.5,892
46025,12.5,324
46027,40.4,2791
46029,22.7,4046
46031,14.3,319
46033,28.6,1767
46035,21.5,2727
46037,17.7,726
46039,17.8,545
46041,12.6,377
46043,16,346
46045,20.5,599
46047,20.2,1062
46049,15.5,261
46051,15.5,816
46053,14.7,460
46055,20,291
46057,16.7,608
46059,17.1,434
46061,18.9,400
46063,34.3,300
46065,33.3,3832
46067,21.7,1138
46069,16.8,179
46071,19.4,310
46073,11,171
46075,15.6,111
46077,20.3,772
46079,22.1,1566
46081,31.8,4892
46083,36.9,9644
46085,19.8,456
46087,20.4,796
46089,14.8,262
46091,16.7,519
46093,21,3390
46095,14.9,179
46097,17.5,317
46099,28.9,31024
46101,21.7,947
46103,27.8,17803
46105,17.8,385
46107,19.9,350
46109,15,958
46111,15.3,244
46113,16.1,998
46115,15.9,713
46117,27.7,561
46119,25.1,238
46121,18.1,828
46123,16,655
46125,21.5,1258
46127,29.1,2754
46129,21.3,857
46135,26.8,4125
46137,12,171
47001,22.1,11477
47003,12.8,3673
47005,12.6,1514
47007,8.8,825
47009,20.6,17337
47011,19.2,12420
47013,9.2,2621
47015,11.1,1044
47017,15.5,3035
47019,14.9,6018
47021,17.9,4645
47023,13.8,1466
47025,11.1,2447
47027,11,647
47029,7.8,1959
47031,19,6701
47033,12.2,1191
47035,15.6,6344
47037,34,138422
47039,10.4,866
47041,11.7,1499
47043,14.9,4824
47045,14.5,3694
47047,18.9,4885
47049,10.1,1249
47051,16.5,4592
47053,14.8,4890
47055,12.1,2454
47057,7.3,1152
47059,14,6743
47061,8,765
47063,15.6,6566
47065,27,60575
47067,7.4,358
47069,10.7,2046
47071,9.4,1714
47073,12.4,4928
47075,12.9,1598
47077,11.8,2228
47079,14.8,3360
47081,10.6,1790
47083,7.5,424
47085,13.2,1680
47087,9.4,776
47089,13.5,4620
47091,10.1,1372
47093,33.8,94657
47095,5.2,300
47097,9.9,1811
47099,11,3020
47101,11.2,902
47103,15.8,3556
47105,22.6,7698
47107,13.9,5008
47109,10.9,1938
47111,7.6,1092
47113,24.5,15391
47115,13.3,2616
47117,11.5,2307
47119,16.1,8552
47121,9,735
47123,10.4,3151
47125,22.3,21806
47127,12.6,541
47129,6.3,957
47131,11.9,2642
47133,10.5,1587
47135,10.6,578
47137,12,431
47139,10.1,1192
47141,21.7,9644
47143,11.2,2343
47145,16.7,6517
47147,14.2,6015
47149,26.3,40606
47151,9.9,1460
47153,13.3,1256
47155,15.2,9236
47157,27.8,161781
47159,12.8,1652
47161,11.5,1042
47163,20,22323
47165,23,23900
47167,13.8,5261
47169,10,517
47171,12.2,1621
47173,6.3,815
47175,9,345
47177,10.9,2912
47179,27.9,22833
47181,8.7,1060
47183,18.4,3997
47185,11,1935
47187,51.8,58429
47189,24,17707
48001,11.3,4646
48003,12.4,1060
48005,15.9,8635
48007,23.9,4009
48009,18.8,1141
48011,25.9,356
48013,11,3019
48015,17.9,3297
48017,18.5,735
48019,24,3597
48021,17.9,8533
48023,24.5,664
48025,9.2,1966
48027,21.2,36512
48029,25.3,256984
48031,25.4,1829
48033,19.1,74
48035,14.8,1886
48037,18.1,10977
48039,26.1,50074
48041,39.3,34660
48043,30.4,1838
48045,15,180
48047,12.5,560
48049,15,3763
48051,10.5,1234
48053,21.4,6283
48055,14.3,3324
48057,14.7,2019
48059,17.1,1577
48061,14.5,32380
48063,14.9,1197
48065,23.6,1007
48067,12.9,2706
48069,14.9,704
48071,16.2,3325
48073,11.8,3792
48075,15.7,753
48077,19.3,1473
48079,11.7,227
48081,11.8,272
48083,13.7,826
48085,48.3,228166
48087,18.3,343
48089,15.3,2157
48091,32.6,23069
48093,18.1,1708
48095,10.5,341
48097,19.5,4863
48099,15.4,6611
48101,15.9,178
48103,13.1,339
48105,9.1,209
48107,13.3,519
48109,13.8,200
48111,8.4,316
48113,28,403936
48115,8.7,786
48117,13.2,1450
48119,15,538
48121,39.5,153411
48123,12.1,1698
48125,12.7,224
48127,12.6,762
48129,16.6,394
48131,8.5,636
48133,15.5,1912
48135,13.1,10352
48137,22.1,303
48139,21,18590
48141,19.3,87053
48143,24,5180
48145,9.8,1144
48147,14.7,3417
48149,17.6,3044
48151,15.2,435
48153,17.1,721
48155,15.6,150
48157,40.4,135523
48159,23.6,1624
48161,14,1899
48163,8.1,860
48165,12.9,1196
48167,26.3,49409
48169,8.6,379
48171,26.8,4776
48173,16.4,126
48175,18,937
48177,13.9,1755
48179,12.2,1855
48181,19.2,15207
48183,20.3,15462
48185,11.3,2040
48187,24,18785
48189,14.1,3048
48191,15.2,351
48193,23.4,1408
48195,20.2,681
48197,14.7,434
48199,15.4,5357
48201,27.7,674386
48203,16.2,6769
48205,19.8,884
48207,11.7,492
48209,35,29136
48211,16.3,405
48213,14.2,7665
48215,15.1,60537
48217,15.3,3566
48219,18,2486
48221,23.9,8513
48223,16.7,3797
48225,13.4,2153
48227,10.1,2394
48229,10.5,211
48231,17,9346
48233,13,1861
48235,12.3,154
48237,10.5,642
48239,16.9,1558
48241,14,3333
48243,34.3,548
48245,17.8,28944
48247,12.4,378
48249,10.6,2617
48251,16.1,15175
48253,9.3,1363
48255,8.4,993
48257,17.2,10713
48259,35.5,7710
48261,17.9,33
48263,19.4,109
48265,27,9395
48267,20.3,699
48269,36.8,64
48271,14.5,361
48273,20.4,3633
48275,12.9,351
48277,17.4,5699
48279,13.8,1202
48281,17.3,2278
48283,8.1,349
48285,14,1892
48287,14.5,1564
48289,12.6,1487
48291,8.8,4255
48293,12,1899
48295,22.5,460
48297,14,1153
48299,26,3850
48301,17.9,7
48303,27.5,43231
48305,15.9,612
48307,20.4,1153
48309,20.6,28251
48311,10.5,68
48313,11.5,1020
48315,11.2,903
48317,12.6,359
48319,28.9,794
48321,14.1,3318
48323,13.7,4002
48325,19.3,5593
48327,13.9,229
48329,23.9,19560
48331,13.5,2231
48333,18.7,664
48335,9.4,613
48337,16.7,2298
48339,29.7,81298
48341,13.7,1677
48343,17.3,1551
48345,18.5,145
48347,24,8532
48349,15.7,4741
48351,8.6,850
48353,17.1,1687
48355,19.9,42086
48357,17.9,1050
48359,29.8,372
48361,12.5,6767
48363,13.7,2550
48365,11.4,1772
48367,22.4,16427
48369,15.7,945
48371,11.3,1146
48373,10.6,3444
48375,15,11194
48377,17.8,849
48379,12.1,928
48381,30.1,22356
48383,10,192
48385,19.4,448
48387,8.6,794
48389,7.6,608
48391,11.2,565
48393,34.1,210
48395,15.8,1744
48397,35.6,16506
48399,16.4,1186
48401,14.8,5197
48403,12.2,958
48405,11.9,735
48407,9.6,1692
48409,15.1,6191
48411,18.1,731
48413,17.4,365
48415,16.3,1742
48417,27.6,553
48419,13.5,2259
48421,19.1,355
48423,24.5,31644
48425,28.4,1509
48427,9.8,3217
48429,12.2,776
48431,22.7,170
48433,22.4,230
48435,11.8,307
48437,14.6,733
48439,28.7,311662
48441,24.2,19108
48443,20.7,131
48445,14.3,1127
48447,16.7,219
48449,13.7,2537
48451,21.6,14517
48453,43.5,270234
48455,11.2,1137
48457,12.2,1862
48459,15.1,3936
48461,12.7,296
48463,16.1,2602
48465,15.8,4523
48467,12.1,4325
48469,16.9,9269
48471,17.1,7160
48473,19.6,4622
48475,10,672
48477,25.8,5602
48479,16.7,21457
48481,15.4,4053
48483,15.1,528
48485,20,16351
48487,15.9,1330
48489,8.6,1124
48491,37.3,92686
48493,18.2,4917
48495,9.8,419
48497,15.6,5861
48499,16.5,4851
48501,15,702
48503,13.6,1708
48505,9.6,723
48507,7.7,498
49001,10.4,393
49003,22.7,6253
49005,35.1,18923
49007,14.2,1858
49009,18.8,120
49011,33.8,55450
49013,16,1593
49015,13.2,837
49017,19.6,648
49019,24.3,1503
49021,28.2,6466
49023,13.1,713
49025,23.7,1130
49027,19.3,1402
49029,27.1,1383
49031,16.2,164
49033,22.2,310
49035,30.1,180524
49037,17.2,1404
49039,18.7,2683
49041,16.9,2043
49043,50.8,11616
49045,18.6,5765
49047,14.7,2596
49049,35.5,83062
49051,31.1,3967
49053,24,19203
49055,22.7,397
49057,22.5,29734
50001,32.6,7893
50003,31.1,8113
50005,27.5,5864
50007,44.8,44466
50009,15.9,745
50011,21.2,6776
50013,28.6,1480
50015,34.6,5642
50017,29.2,5937
50019,19.9,3822
50021,26.3,11477
50023,37.4,15401
50025,33.8,10659
50027,32.8,13614
51001,18,4359
51003,51.6,32625
51005,14.9,1749
51007,13.1,1129
51009,15.6,3420
51011,11.8,1206
51013,70.1,102633
51015,19.1,9943
51017,11.5,421
51019,24.2,11575
51021,12,620
51023,22.9,5356
51025,11.9,1476
51027,8.9,1609
51029,12.4,1708
51031,16.3,6022
51033,15.5,2917
51035,11.7,2587
51036,10.9,573
51037,15.1,1307
51041,35.7,71637
51043,29.2,2905
51045,13.6,498
51047,21.6,6549
51049,12.5,839
51051,8.6,964
51053,13.1,2439
51057,16.6,1265
51059,58,411562
51061,30.8,13330
51063,19.3,2078
51065,25.8,4620
51067,15.2,5894
51069,23.1,11717
51071,16.1,1964
51073,19.2,4881
51075,30.7,5002
51077,10.3,1208
51079,20,2443
51081,5.5,479
51083,13.2,3372
51085,33,21719
51087,38.9,78535
51089,10.9,4291
51091,21.4,421
51093,25.1,6097
51095,45,20585
51097,9.9,473
51099,30.5,4469
51101,19.8,2061
51103,27.7,2502
51105,12,2164
51107,57.2,105929
51109,17.9,4082
51111,10,926
51113,20.7,1945
51115,20.6,1379
51117,13.4,3199
51119,27.5,2310
51121,39.4,18916
51125,22.9,2564
51127,22.6,2839
51131,18.8,1704
51133,22.3,2164
51135,11.6,1296
51137,21.5,4947
51139,11.1,1883
51141,9.5,1286
51143,12.8,5746
51145,21.9,4477
51147,18.5,2325
51149,17.2,3953
51153,37.5,88442
51155,13.9,3555
51157,37.4,2003
51159,9.8,670
51161,32.6,21054
51163,21.8,3517
51165,21.9,11057
51167,10.7,2213
51169,10.3,1731
51171,17.5,5116
51173,14.6,3344
51175,12.6,1648
51177,29.9,22717
51179,35.4,26945
51181,13.6,651
51183,10,837
51185,14.3,4592
51187,21.4,5323
51191,20.5,8036
51193,15.9,1987
51195,11.3,3245
51197,14,2898
51199,41.5,17550
51510,60.4,61021
51515,20.8,865
51520,19.7,2454
51530,16.5,704
51540,46.7,11066
51550,27.9,39436
51570,20,2415
51580,10.4,431
51590,16.2,4872
51595,15.4,608
51600,53.2,8248
51610,71,5493
51620,19,1078
51630,31.9,4235
51640,12.7,671
51650,21.8,19412
51660,33.3,6780
51670,10.9,1607
51678,44.4,1326
51680,28.3,12101
51683,28.3,6308
51685,21.9,1772
51690,20.4,2015
51700,23.5,26330
51710,23.7,33724
51720,20.6,527
51730,15.2,3277
51735,36,2953
51740,18.7,11713
51750,35.1,2280
51760,32.6,41553
51770,21.9,14589
51775,29.1,4758
51790,28.5,4816
51800,25.1,13605
51810,31.9,89838
51820,21.8,3105
51830,43.3,2697
51840,29.7,5063
53001,13.4,1340
53003,18.2,2716
53005,27.6,29360
53007,23.2,10885
53009,23.3,12226
53011,25.7,69086
53013,20,581
53015,14.7,10030
53017,17.3,4121
53019,16.7,852
53021,14.6,5769
53023,17.7,287
53025,14.4,7282
53027,14.5,7225
53029,29.8,16267
53031,34.8,8165
53033,45.2,587481
53035,28,46229
53037,31.9,7370
53039,17.9,2570
53041,15,7612
53043,20.3,1520
53045,17.9,7601
53047,17.7,4884
53049,16.8,2678
53051,17.9,1659
53053,23.4,118438
53055,44.9,5542
53057,23.2,18079
53059,19.7,1505
53061,28.2,129659
53063,27.9,83656
53065,19.2,5712
53067,31.6,51981
53069,15.3,461
53071,24.2,8989
53073,31.7,39648
53075,47.4,10031
53077,15.6,22002
54001,13.3,1491
54003,19.7,13301
54005,8.2,1426
54007,9.5,986
54009,15.6,2712
54011,23,14868
54013,8,440
54015,8.3,546
54017,8,448
54019,10.7,3506
54021,12.2,716
54023,11.5,979
54025,17.2,4398
54027,9.4,1552
54029,15.3,3464
54031,9.5,848
54033,17.6,8487
54035,14.5,2951
54037,27.7,9551
54039,23.4,32270
54041,12,1420
54043,7.7,1173
54045,8.9,2337
54047,6.3,1019
54049,19.2,7504
54051,12.2,2916
54053,10.3,1982
54055,16.4,7175
54057,13,2509
54059,9,1691
54061,35.8,18870
54063,13.3,1294
54065,12.7,1594
54067,13,2430
54069,25.9,8059
54071,13.1,757
54073,10.4,570
54075,13.5,890
54077,11.6,2758
54079,23.8,9121
54081,15.4,8610
54083,17.6,3685
54085,10.3,777
54087,9.1,979
54089,11.2,1168
54091,14.5,1735
54093,13.7,720
54095,8.3,553
54097,15.2,2474
54099,12.7,3785
54101,8,531
54103,12.6,1499
54105,11,457
54107,19.1,11679
54109,9.3,1578
55001,10.8,1748
55003,20.7,2236
55005,17.6,5633
55007,26.8,3053
55009,25.6,40427
55011,15.5,1493
55013,16,1889
55015,25.3,8022
55017,17.5,7341
55019,11.3,2463
55021,19.9,7779
55023,15.9,1864
55025,45.4,139909
55027,15.2,9393
55029,27.5,5864
55031,22,6593
55033,24.9,6374
55035,30.2,17795
55037,12.1,414
55039,18,12325
55041,12,794
55043,19.2,5983
55045,18.8,4704
55047,16.5,2218
55049,22.3,3608
55051,17.9,849
55053,14.8,2085
55055,22.7,12354
55057,12.1,2263
55059,22.5,23704
55061,13.6,1935
55063,28.8,20302
55065,15.9,1769
55067,12.9,1868
55069,14.7,3049
55071,17.5,9900
55073,20.8,18467
55075,14.2,4260
55077,12.8,1444
55078,10.5,260
55079,26.7,159446
55081,16.4,4761
55083,13.2,3521
55085,22.4,6070
55087,25.8,29463
55089,43.1,25231
55091,17.2,897
55093,25.4,6210
55095,18.4,5649
55097,27.1,11657
55099,15.3,1651
55101,23.1,29930
55103,14.4,1808
55105,19.8,20821
55107,14.8,1561
55109,32.5,17650
55111,20,8323
55113,20.5,2476
55115,14.4,4183
55117,20.5,15985
55119,13.6,1908
55121,17.1,3360
55123,18.8,3699
55125,25,4204
55127,25.1,16426
55129,18.7,2200
55131,26,23068
55133,39.2,103477
55135,16.1,5919
55137,13.3,2411
55139,23.7,25893
55141,19.2,9927
56001,47.4,8788
56003,20.3,1570
56005,17.6,4710
56007,17.9,1951
56009,17.6,1588
56011,22.8,1036
56013,22.8,5863
56015,19.6,1742
56017,19.3,675
56019,25.3,1509
56021,22.9,13335
56023,19.3,2196
56025,20.9,10147
56027,19.7,345
56029,27.7,5340
56031,17.3,1074
56033,23.1,4584
56035,22.8,1473
56037,17.1,4520
56039,49.7,7406
56041,17.4,2217
56043,24.5,1359
56045,17.9,889
72001,14.6,1786
72003,16.7,4558
72005,18.3,7464
72007,16,2949
72009,18.8,3142
72011,15.6,2997
72013,18.7,12130
72015,15.1,1846
72017,16.3,2563
72019,15.5,2760
72021,24.8,34875
72023,19.2,6530
72025,25.5,23864
72027,16.2,3708
72029,18.6,5457
72031,25.9,30874
72033,18.2,3226
72035,20.1,6286
72037,21.3,1985
72039,11.7,1385
72041,19.8,5464
72043,16.4,4098
72045,12,1554
72047,15.3,3542
72049,14.6,201
72051,25.9,6257
72053,19.9,4855
72054,12.3,978
72055,14.1,1812
72057,20.5,5875
72059,15.7,2182
72061,40,27035
72063,27.9,7871
72065,18.7,5057
72067,21.7,2606
72069,17,6512
72071,16,4816
72073,16.6,1677
72075,17.8,5556
72077,17.2,4328
72079,13.8,2385
72081,14.5,2946
72083,12.3,791
72085,17.4,4262
72087,13.7,2504
72089,19.1,2468
72091,17.1,4905
72093,11.3,435
72095,11.2,894
72097,21.1,12135
72099,16.4,4164
72101,12.8,2475
72103,15.9,2635
72105,12.5,2380
72107,13.3,1904
72109,13.4,1685
72111,14.7,2172
72113,23.5,25483
72115,14.2,2368
72117,18.8,1952
72119,19.2,6698
72121,17.4,2896
72123,12.6,2440
72125,19.7,4689
72127,31.9,87070
72129,14.8,3944
72131,15.5,4413
72133,18.1,2534
72135,24.7,11043
72137,19,11088
72139,31.7,15386
72141,16.7,3593
72143,15.8,3955
72145,17.2,6634
72147,13.2,806
72149,15.7,2467
72151,13.3,3249
72153,16.7,4667
