fips,emp.2019
1001,25458
1003,94675
1005,8213
1007,8419
1009,24655
1011,4643
1013,8925
1015,44574
1017,15286
1019,11266
1021,19280
1023,4452
1025,7121
1027,5918
1029,5623
1031,20779
1033,22761
1035,4353
1037,4414
1039,15119
1041,6293
1043,37648
1045,20082
1047,13904
1049,30182
1051,36586
1053,14248
1055,41295
1057,6372
1059,14291
1061,10725
1063,2722
1065,5878
1067,6697
1069,44844
1071,22712
1073,309664
1075,5670
1077,41160
1079,13859
1081,74500
1083,42700
1085,3383
1087,7513
1089,180505
1091,7423
1093,12486
1095,42999
1097,182083
1099,6973
1101,102517
1103,56771
1105,3235
1107,7647
1109,14924
1111,9347
1113,23198
1115,39441
1117,113414
1119,4635
1121,34556
1123,18096
1125,102122
1127,24517
1129,6487
1131,2544
1133,9705
2013,2360
2016,3477
2020,139526
2050,6120
2060,414
2068,950
2070,1781
2090,42248
2100,1012
2105,1028
2110,16243
2122,24383
2130,6456
2150,5582
2158,2164
2164,638
2170,43661
2180,3596
2185,3261
2188,2523
2195,1267
2198,2562
2220,4155
2230,746
2240,2558
2261,4452
2275,925
2282,227
2290,2113
4001,18468
4003,47695
4005,73206
4007,20485
4009,14608
4011,4342
4012,8789
4013,2217656
4015,82815
4017,37973
4019,476620
4021,178309
4023,17963
4025,102138
4027,83437
5001,9141
5003,7333
5005,15646
5007,133610
5009,15525
5011,4298
5013,2345
5015,12383
5017,3057
5019,9323
5021,5413
5023,8808
5025,3092
5027,8730
5029,7926
5031,54097
5033,26028
5035,20512
5037,7097
5039,2706
5041,5161
5043,7456
5045,60556
5047,7242
5049,4763
5051,39809
5053,8136
5055,19366
5057,9571
5059,13509
5061,5525
5063,15868
5065,4643
5067,5460
5069,26220
5071,9809
5073,2351
5075,6533
5077,2706
5079,3777
5081,5280
5083,8210
5085,33359
5087,7238
5089,6406
5091,18941
5093,16467
5095,2642
5097,2832
5099,3517
5101,3218
5103,9330
5105,4100
5107,5996
5109,4086
5111,9929
5113,7782
5115,27618
5117,3430
5119,183776
5121,7017
5123,7772
5125,57450
5127,4167
5129,2781
5131,54834
5133,5248
5135,5457
5137,4503
5139,15018
5141,5455
5143,121914
5145,32281
5147,2627
5149,8081
6001,819675
6003,523
6005,14328
6007,94162
6009,20616
6011,9586
6013,544496
6015,9119
6017,88785
6019,418092
6021,12201
6023,60254
6025,58331
6027,8450
6029,360783
6031,53222
6033,27687
6035,9416
6037,4894296
6039,57651
6041,136786
6043,7262
6045,37388
6047,106866
6049,2947
6051,8195
6053,208717
6055,71900
6057,47022
6059,1578334
6061,182093
6063,7296
6065,1057884
6067,686298
6069,29845
6071,930709
6073,1539948
6075,570412
6077,307854
6079,136914
6081,450647
6083,209843
6085,1027527
6087,135530
6089,70878
6091,1255
6093,16109
6095,201672
6097,252428
6099,228753
6101,42440
6103,24228
6105,4436
6107,184353
6109,20366
6111,408169
6113,104220
6115,28182
8001,267375
8003,8413
8005,358574
8007,6717
8009,2138
8011,1863
8013,192351
8014,39528
8015,9636
8017,1154
8019,5960
8021,4013
8023,1814
8025,1460
8027,2025
8029,14035
8031,409974
8033,1129
8035,191586
8037,36241
8039,15009
8041,331453
8043,14548
8045,32021
8047,3732
8049,9765
8051,11346
8053,422
8055,2396
8057,980
8059,330124
8061,950
8063,4292
8065,4878
8067,31495
8069,201624
8071,6377
8073,2375
8075,10904
8077,73986
8079,521
8081,7195
8083,12486
8085,21327
8087,16146
8089,8150
8091,2383
8093,11010
8095,2589
8097,11041
8099,6240
8101,73147
8103,2908
8105,5280
8107,16132
8109,3462
8111,553
8113,5737
8115,1206
8117,22760
8119,12425
8121,2941
8123,165670
8125,6126
9001,463547
9003,464533
9005,101543
9007,90703
9009,443514
9011,132423
9013,84207
9015,61697
10001,76097
10003,289100
10005,103648
11001,387482
12001,135112
12003,11484
12005,80980
12007,10715
12009,275025
12011,1008813
12013,4622
12015,69239
12017,45096
12019,104467
12021,175040
12023,28831
12027,13686
12029,5606
12031,475890
12033,141253
12035,45235
12037,4486
12039,18061
12041,6900
12043,5173
12045,5495
12047,4162
12049,8074
12051,14680
12053,68906
12055,34452
12057,727117
12059,6701
12061,62949
12063,16522
12065,5436
12067,2769
12069,153919
12071,337116
12073,150713
12075,16104
12077,2545
12079,7188
12081,174382
12083,132335
12085,71786
12086,1350924
12087,45792
12089,40000
12091,94342
12093,17184
12095,740564
12097,178283
12099,709694
12101,229631
12103,479472
12105,294472
12107,25413
12109,128970
12111,139389
12113,80448
12115,183288
12117,248085
12119,31126
12121,17427
12123,7934
12125,4501
12127,245545
12129,14487
12131,30685
12133,9348
13001,8945
13003,4552
13005,4790
13007,1108
13009,16671
13011,9352
13013,39247
13015,48885
13017,5053
13019,7176
13021,65249
13023,4303
13025,6964
13027,6668
13029,17738
13031,35170
13033,8689
13035,10377
13037,2152
13039,20113
13043,5383
13045,53325
13047,32518
13049,4604
13051,135052
13053,1906
13055,9795
13057,132118
13059,56997
13061,819
13063,131980
13065,2550
13067,412592
13069,18138
13071,20702
13073,72860
13075,7718
13077,72410
13079,5404
13081,9065
13083,7941
13085,11971
13087,11101
13089,385700
13091,6700
13093,4880
13095,36509
13097,70640
13099,4201
13101,1856
13103,30000
13105,7352
13107,7847
13109,4698
13111,11132
13113,56256
13115,42455
13117,118737
13119,9592
13121,537605
13123,11444
13125,1225
13127,38039
13129,27025
13131,10093
13133,6740
13135,474882
13137,18411
13139,99222
13141,2312
13143,12141
13145,16139
13147,10903
13149,5073
13151,111409
13153,68005
13155,3172
13157,35550
13159,6726
13161,5772
13163,6260
13165,2983
13167,3889
13169,13262
13171,7914
13173,3601
13175,18269
13177,14268
13179,25119
13181,3417
13183,7841
13185,49376
13187,16200
13189,8402
13191,5948
13193,4476
13195,12877
13197,3165
13199,8510
13201,2659
13205,8060
13207,12574
13209,3607
13211,8953
13213,14725
13215,73977
13217,50187
13219,19014
13221,6706
13223,83397
13225,11343
13227,14816
13229,8404
13231,8631
13233,17761
13235,3896
13237,7831
13239,760
13241,6900
13243,2405
13245,81242
13247,43061
13249,2115
13251,4813
13253,2903
13255,27530
13257,10273
13259,2296
13261,12077
13263,2693
13265,539
13267,9194
13269,2950
13271,3716
13273,3333
13275,15807
13277,19088
13279,11079
13281,3705
13283,2503
13285,36117
13287,3019
13289,2722
13291,9953
13293,10916
13295,30242
13297,44601
13299,14986
13301,2693
13303,6722
13305,10947
13307,957
13309,1490
13311,15836
13313,41637
13315,2575
13317,3650
13319,3808
13321,8552
15001,88018
15003,438936
15007,35558
15009,84461
16001,247855
16003,1604
16005,41546
16007,2891
16009,3894
16011,23182
16013,11995
16015,3365
16017,19222
16019,55678
16021,5138
16023,1360
16025,676
16027,101058
16029,4025
16031,11920
16033,364
16035,2708
16037,2134
16039,11169
16041,6876
16043,7686
16045,8035
16047,8005
16049,6265
16051,13709
16053,11884
16055,77257
16057,19994
16059,3396
16061,1558
16063,2607
16065,21539
16067,11151
16069,20459
16071,2268
16073,5251
16075,11248
16077,3965
16079,4839
16081,6480
16083,40234
16085,5338
16087,4420
17001,31249
17003,1923
17005,7533
17007,24890
17009,2921
17011,16585
17013,2225
17015,7022
17017,5878
17019,105014
17021,13910
17023,7345
17025,6212
17027,19908
17029,22889
17031,2496526
17033,8340
17035,5915
17037,53115
17039,7165
17041,9897
17043,492985
17045,8636
17047,2604
17049,18740
17051,9504
17053,6211
17055,15565
17057,14409
17059,2244
17061,5776
17063,24307
17065,4277
17067,8067
17069,1231
17071,3463
17073,24015
17075,13873
17077,27012
17079,4469
17081,16720
17083,10555
17085,10428
17087,3905
17089,262136
17091,53396
17093,66358
17095,20771
17097,362822
17099,52081
17101,5606
17103,17018
17105,15984
17107,12185
17109,12830
17111,160086
17113,85134
17115,46328
17117,22136
17119,129708
17121,16889
17123,5108
17125,6004
17127,5336
17129,6295
17131,7761
17133,18313
17135,11207
17137,15910
17139,7384
17141,23947
17143,81085
17145,7960
17147,8319
17149,6751
17151,1599
17153,1865
17155,2912
17157,13842
17159,6975
17161,68377
17163,121685
17165,9188
17167,97552
17169,3139
17171,2410
17173,10278
17175,2409
17177,20868
17179,61347
17181,7070
17183,31540
17185,5648
17187,8207
17189,9995
17191,6696
17193,6409
17195,27619
17197,343602
17199,30765
17201,132290
17203,18165
18001,16785
18003,180923
18005,43902
18007,4436
18009,4808
18011,35553
18013,7518
18015,9967
18017,17366
18019,59835
18021,11694
18023,16769
18025,4672
18027,16337
18029,25010
18031,14618
18033,22116
18035,51853
18037,22590
18039,109468
18041,8375
18043,40476
18045,7777
18047,11052
18049,9601
18051,19043
18053,30648
18055,13164
18057,180004
18059,39317
18061,19727
18063,87966
18065,21435
18067,35432
18069,17745
18071,22356
18073,15831
18075,9216
18077,14567
18079,13151
18081,81134
18083,18011
18085,41248
18087,19514
18089,221096
18091,46012
18093,20481
18095,57262
18097,476851
18099,22513
18101,5239
18103,14911
18105,68000
18107,18275
18109,35404
18111,6746
18113,23023
18115,3089
18117,8353
18119,9038
18121,6847
18123,8998
18125,5948
18127,84303
18129,13306
18131,6367
18133,16286
18135,10922
18137,13860
18139,8763
18141,131498
18143,10221
18145,22600
18147,10501
18149,9531
18151,20232
18153,8085
18155,4857
18157,96245
18159,9084
18161,3457
18163,92022
18165,6675
18167,46409
18169,14630
18171,4098
18173,32233
18175,13315
18177,29776
18179,14123
18181,13210
18183,17354
19001,4180
19003,2171
19005,7227
19007,5829
19009,3093
19011,13339
19013,68011
19015,14791
19017,13774
19019,11163
19021,11673
19023,7758
19025,4202
19027,10890
19029,6800
19031,10738
19033,23262
19035,6086
19037,6416
19039,4799
19041,8385
19043,9925
19045,22291
19047,7971
19049,49377
19051,4141
19053,4354
19055,10468
19057,18810
19059,9933
19061,55435
19063,5196
19065,10367
19067,8657
19069,5659
19071,3629
19073,5367
19075,6440
19077,5533
19079,6814
19081,5850
19083,7939
19085,7297
19087,9668
19089,5108
19091,5052
19093,4107
19095,10450
19097,10814
19099,19478
19101,10002
19103,85941
19105,10532
19107,5136
19109,8347
19111,15706
19113,120668
19115,5947
19117,4603
19119,7047
19121,8404
19123,11729
19125,18215
19127,17381
19129,7334
19131,6834
19133,4375
19135,3955
19137,4942
19139,21539
19141,8186
19143,3509
19145,6310
19147,4747
19149,14695
19151,4501
19153,265893
19155,48101
19157,10258
19159,2439
19161,5236
19163,87687
19165,6657
19167,20939
19169,58115
19171,9308
19173,3185
19175,6169
19177,3613
19179,17404
19181,28053
19183,11908
19185,2774
19187,19159
19189,5051
19191,11779
19193,54977
19195,4149
19197,6867
20001,6209
20003,4041
20005,6626
20007,2261
20009,13103
20011,6416
20013,5183
20015,31442
20017,1482
20019,1378
20021,9788
20023,1278
20025,1047
20027,3656
20029,3665
20031,3841
20033,846
20035,15749
20037,18003
20039,1198
20041,8528
20043,4004
20045,63457
20047,1450
20049,1109
20051,16649
20053,2671
20055,20121
20057,16664
20059,13557
20061,10811
20063,1437
20065,1080
20067,3126
20069,3166
20071,780
20073,3136
20075,1583
20077,2802
20079,16496
20081,2158
20083,963
20085,6959
20087,9788
20089,1255
20091,329456
20093,1999
20095,3325
20097,1267
20099,9629
20101,752
20103,35225
20105,1642
20107,4176
20109,1590
20111,16099
20113,16789
20115,5814
20117,5335
20119,2105
20121,16898
20123,3279
20125,14196
20127,2912
20129,1107
20131,5220
20133,5850
20135,1308
20137,2641
20139,7689
20141,2009
20143,2927
20145,2791
20147,2569
20149,12062
20151,4783
20153,1457
20155,28692
20157,2205
20159,5063
20161,34062
20163,2448
20165,1586
20167,3200
20169,29269
20171,2778
20173,242477
20175,9222
20177,87395
20179,1374
20181,2766
20183,1923
20185,1956
20187,960
20189,2476
20191,10537
20193,4208
20195,1376
20197,3529
20199,784
20201,2838
20203,1329
20205,3791
20207,1540
20209,73917
21001,6760
21003,8682
21005,11643
21007,3323
21009,18001
21011,4343
21013,7909
21015,68948
21017,9441
21019,16869
21021,11999
21023,3656
21025,3231
21027,7523
21029,41294
21031,4886
21033,5200
21035,18032
21037,49301
21039,2142
21041,5117
21043,8971
21045,6424
21047,23683
21049,16576
21051,4831
21053,3788
21055,3625
21057,3051
21059,45730
21061,4602
21063,1873
21065,5120
21067,170028
21069,5866
21071,10340
21073,24392
21075,1941
21077,3945
21079,7352
21081,11307
21083,15122
21085,10477
21087,4901
21089,12560
21091,3841
21093,47280
21095,6072
21097,8457
21099,7582
21101,21270
21103,7970
21105,1690
21107,17714
21109,3865
21111,386373
21113,25695
21115,6324
21117,85189
21119,4189
21121,9351
21123,5737
21125,23483
21127,4833
21129,1947
21131,2481
21133,5862
21135,4241
21137,8877
21139,3459
21141,12112
21143,2973
21145,27819
21147,4418
21149,4046
21151,45743
21153,2790
21155,9368
21157,14433
21159,2582
21161,6723
21163,11775
21165,2165
21167,9602
21169,3909
21171,4516
21173,11084
21175,4342
21177,9890
21179,22217
21181,3149
21183,9326
21185,32403
21187,4902
21189,1055
21191,6754
21193,7792
21195,18819
21197,4775
21199,25493
21201,775
21203,6397
21205,9904
21207,5894
21209,28256
21211,24781
21213,8538
21215,9903
21217,12212
21219,5232
21221,5741
21223,3732
21225,5863
21227,62844
21229,6022
21231,7033
21233,5556
21235,13029
21237,1828
21239,14481
22001,22572
22003,8312
22005,61318
22007,8335
22009,14226
22011,13849
22013,5190
22015,55129
22017,97859
22019,101802
22021,3544
22023,3789
22025,3162
22027,5506
22029,6566
22031,10201
22033,220337
22035,1688
22037,7606
22039,11186
22041,6834
22043,7696
22045,26574
22047,13207
22049,6480
22051,204775
22053,12607
22055,108685
22057,40124
22059,6429
22061,20780
22063,65912
22065,3232
22067,9166
22069,15356
22071,170121
22073,66346
22075,9620
22077,9339
22079,52258
22081,3553
22083,7704
22085,8705
22087,18885
22089,24049
22091,4013
22093,8675
22095,18545
22097,29891
22099,21056
22101,18643
22103,114335
22105,51437
22107,1282
22109,44140
22111,8570
22113,22870
22115,14906
22117,15713
22119,13609
22121,13029
22123,3243
22125,5158
22127,4558
23001,53594
23003,28814
23005,160912
23007,13693
23009,28064
23011,60100
23013,19605
23015,16290
23017,25381
23019,74339
23021,7003
23023,18975
23025,21428
23027,19953
23029,13053
23031,110554
24001,30812
24003,308068
24005,440638
24009,48888
24011,17612
24013,93645
24015,51323
24017,84908
24019,14938
24021,131453
24023,15075
24025,137331
24027,183944
24029,9796
24031,549310
24033,494665
24035,27210
24037,55506
24039,8689
24041,18665
24043,72347
24045,49327
24047,23908
24510,275911
25001,110989
25003,63035
25005,292890
25007,9255
25009,417092
25011,40207
25013,220767
25015,88479
25017,907777
25019,7342
25021,385482
25023,277913
25025,449136
25027,436193
26001,3635
26003,2949
26005,60325
26007,12638
26009,9791
26011,5663
26013,3015
26015,30638
26017,47704
26019,8432
26021,70483
26023,18600
26025,59943
26027,23442
26029,12315
26031,9627
26033,15022
26035,11010
26037,39916
26039,5285
26041,16282
26043,11777
26045,55295
26047,16816
26049,173888
26051,9350
26053,5714
26055,48097
26057,17209
26059,19592
26061,15388
26063,14723
26065,145943
26067,29252
26069,9610
26071,4878
26073,33405
26075,71335
26077,129316
26079,7487
26081,349535
26083,823
26085,3472
26087,39273
26089,10139
26091,44663
26093,100768
26095,2172
26097,4656
26099,432001
26101,9873
26103,30975
26105,12996
26107,17390
26109,10612
26111,38826
26113,6629
26115,72541
26117,27196
26119,2748
26121,73860
26123,22413
26125,657035
26127,11403
26129,7494
26131,1947
26133,10749
26135,2836
26137,11062
26139,156664
26141,4576
26143,7145
26145,82533
26147,72546
26149,26783
26151,18565
26153,3093
26155,32070
26157,22635
26159,33559
26161,192472
26163,767123
26165,14185
27001,6818
27003,193301
27005,18086
27007,23487
27009,21287
27011,2402
27013,39748
27015,13912
27017,17126
27019,57473
27021,13668
27023,6707
27025,29106
27027,35165
27029,4130
27031,2988
27033,5743
27035,31005
27037,236782
27039,11577
27041,20466
27043,6783
27045,11279
27047,15659
27049,26410
27051,3176
27053,692855
27055,10115
27057,9495
27059,20632
27061,20656
27063,5556
27065,8573
27067,23565
27069,2299
27071,5608
27073,3445
27075,5338
27077,2370
27079,15576
27081,3166
27083,14163
27085,18690
27087,2196
27089,5128
27091,9764
27093,12907
27095,12347
27097,16738
27099,19842
27101,4668
27103,20564
27105,10950
27107,3127
27109,86958
27111,30335
27113,8365
27115,14318
27117,4778
27119,16007
27121,6378
27123,283424
27125,2111
27127,7392
27129,8275
27131,36169
27133,5556
27135,7570
27137,98297
27139,81967
27141,51063
27143,8331
27145,88280
27147,20549
27149,5330
27151,4737
27153,13012
27155,1715
27157,12018
27159,5595
27161,8709
27163,140553
27165,6267
27167,3397
27169,28005
27171,73883
27173,5204
28001,10466
28003,15300
28005,4109
28007,6592
28009,2868
28011,11397
28013,5350
28015,3253
28017,6531
28019,3552
28021,2705
28023,5554
28025,7213
28027,7722
28029,10490
28031,7745
28033,87382
28035,31575
28037,2616
28039,8185
28041,4014
28043,9014
28045,17720
28047,82022
28049,101524
28051,5089
28053,2003
28055,338
28057,10034
28059,55058
28061,5762
28063,1714
28065,3840
28067,24839
28069,3271
28071,27113
28073,29435
28075,28862
28077,4310
28079,7527
28081,39409
28083,9262
28085,13813
28087,24086
28089,51001
28091,9397
28093,13673
28095,14683
28097,3721
28099,9640
28101,8371
28103,3507
28105,21447
28107,11726
28109,22609
28111,4004
28113,13575
28115,14133
28117,10781
28119,2182
28121,73226
28123,12149
28125,1469
28127,10209
28129,6466
28131,6425
28133,7051
28135,4970
28137,11696
28139,8960
28141,8189
28143,4183
28145,13628
28147,4574
28149,19109
28151,15701
28153,6990
28155,3762
28157,2526
28159,6973
28161,4698
28163,8825
29001,9945
29003,9494
29005,2603
29007,10337
29009,15044
29011,5026
29013,7590
29015,6855
29017,5270
29019,95937
29021,43301
29023,17140
29025,4230
29027,20758
29029,18013
29031,39654
29033,4653
29035,2421
29037,53239
29039,5550
29041,3614
29043,43771
29045,3091
29047,132701
29049,10414
29051,38037
29053,7205
29055,10566
29057,3434
29059,6762
29061,3965
29063,4689
29065,6044
29067,4849
29069,10956
29071,51511
29073,7470
29075,3433
29077,147461
29079,4240
29081,3695
29083,9364
29085,3681
29087,2515
29089,4746
29091,15870
29093,3365
29095,350008
29097,55590
29099,114498
29101,22247
29103,1720
29105,16190
29107,16328
29109,17385
29111,4843
29113,27497
29115,4875
29117,7170
29119,10334
29121,7280
29123,5295
29125,3747
29127,14104
29129,1802
29131,11850
29133,5555
29135,7097
29137,3711
29139,5558
29141,7776
29143,7880
29145,26498
29147,10468
29149,3824
29151,6936
29153,3214
29155,6043
29157,9801
29159,20227
29161,19177
29163,7224
29165,57239
29167,14081
29169,14094
29171,2207
29173,5484
29175,9978
29177,10632
29179,2929
29181,4761
29183,221305
29185,3577
29186,8950
29187,25658
29189,516722
29195,10267
29197,1862
29199,2311
29201,19293
29203,3048
29205,2970
29207,12480
29209,13185
29211,2589
29213,25753
29215,8607
29217,9133
29219,17446
29221,9780
29223,5050
29225,16692
29227,1138
29229,7101
29510,147111
30001,4922
30003,4475
30005,2399
30007,2482
30009,5293
30011,626
30013,36651
30015,2389
30017,5886
30019,875
30021,4467
30023,4877
30025,1674
30027,5856
30029,45646
30031,67205
30033,720
30035,5266
30037,352
30039,1591
30041,7360
30043,5509
30045,919
30047,12644
30049,34759
30051,929
30053,7499
30055,932
30057,4654
30059,922
30061,1657
30063,61776
30065,2177
30067,8606
30069,269
30071,1813
30073,2570
30075,936
30077,2865
30079,459
30081,19411
30083,5724
30085,4308
30087,3635
30089,4559
30091,1702
30093,16542
30095,5018
30097,1748
30099,2650
30101,2064
30103,325
30105,3950
30107,755
30109,449
30111,79173
31001,16262
31003,3467
31005,212
31007,363
31009,246
31011,2882
31013,5247
31015,1042
31017,1344
31019,27048
31021,3366
31023,4472
31025,13117
31027,4402
31029,2225
31031,3308
31033,4253
31035,3192
31037,5429
31039,4571
31041,6261
31043,10369
31045,4832
31047,12667
31049,929
31051,2941
31053,18931
31055,289816
31057,1141
31059,3080
31061,1409
31063,1560
31065,2511
31067,10619
31069,1071
31071,1137
31073,1080
31075,412
31077,1186
31079,30801
31081,4624
31083,1745
31085,598
31087,1223
31089,5613
31091,404
31093,3247
31095,4030
31097,1992
31099,3705
31101,4444
31103,574
31105,1970
31107,4473
31109,172276
31111,17689
31113,459
31115,389
31117,431
31119,19258
31121,3885
31123,2532
31125,1917
31127,3471
31129,2340
31131,8159
31133,1435
31135,1779
31137,4838
31139,3985
31141,17153
31143,2850
31145,5689
31147,4103
31149,844
31151,7133
31153,93801
31155,10858
31157,17614
31159,8669
31161,2599
31163,1637
31165,725
31167,3416
31169,2713
31171,408
31173,2920
31175,2057
31177,10950
31179,5599
31181,1619
31183,556
31185,7083
32001,10666
32003,1085793
32005,22300
32007,26549
32009,418
32011,1069
32013,8009
32015,3112
32017,2029
32019,22309
32021,1948
32023,16415
32027,2460
32029,1962
32031,247691
32033,4499
32510,25248
33001,30787
33003,23366
33005,39856
33007,14273
33009,48784
33011,236216
33013,81955
33015,183326
33017,72875
33019,22616
34001,114622
34003,467946
34005,223049
34007,242811
34009,42660
34011,61481
34013,352334
34015,144238
34017,349372
34019,62742
34021,196458
34023,425471
34025,318233
34027,249463
34029,264876
34031,231779
34033,27771
34035,166229
34037,71425
34039,266189
34041,54185
35001,319048
35003,1081
35005,25839
35006,8425
35007,5226
35009,20783
35011,761
35013,91976
35015,33419
35017,11639
35019,1467
35021,259
35023,2002
35025,30054
35027,8570
35028,9163
35029,9047
35031,22458
35033,2080
35035,23575
35037,3062
35039,15951
35041,7545
35043,63268
35045,48974
35047,10177
35049,72153
35051,3628
35053,6071
35055,14303
35057,5312
35059,1781
35061,29074
36001,151699
36003,18380
36005,565642
36007,79488
36009,32172
36011,34411
36013,51976
36015,33543
36017,21098
36019,34720
36021,30176
36023,21735
36025,18216
36027,138841
36029,422508
36031,16190
36033,18648
36035,21517
36037,28564
36039,19358
36041,2081
36043,26560
36045,41470
36047,1149461
36049,10999
36051,29423
36053,31296
36055,346207
36057,21173
36059,683726
36061,879665
36063,93887
36065,96839
36067,211875
36069,53210
36071,177952
36073,16740
36075,50082
36077,26876
36079,49336
36081,1099996
36083,78030
36085,213734
36087,149705
36089,40902
36091,114903
36093,73106
36095,13954
36097,7709
36099,15414
36101,40572
36103,749347
36105,35205
36107,21746
36109,47567
36111,84387
36113,29868
36115,26698
36117,42070
36119,466158
36121,17336
36123,11407
37001,79459
37003,17557
37005,4205
37007,10381
37009,12429
37011,7221
37013,18672
37015,7448
37017,13923
37019,51599
37021,137723
37023,39785
37025,106011
37027,35370
37029,4481
37031,30889
37033,9477
37035,76686
37037,34695
37039,10724
37041,5298
37043,3960
37045,46793
37047,21811
37049,40431
37051,122306
37053,13609
37055,19116
37057,78747
37059,20161
37061,24394
37063,166460
37065,20179
37067,182709
37069,30309
37071,107634
37073,5145
37075,3080
37077,29219
37079,9215
37081,254504
37083,19326
37085,51237
37087,29255
37089,53865
37091,8746
37093,19304
37095,1807
37097,86966
37099,19130
37101,96347
37103,4264
37105,24995
37107,27012
37109,42284
37111,20075
37113,15027
37115,9909
37117,8630
37119,603983
37121,5792
37123,11143
37125,41263
37127,41511
37129,120673
37131,7386
37133,62388
37135,76782
37137,5186
37139,16021
37141,28001
37143,4741
37145,17790
37147,86710
37149,8748
37151,64451
37153,15844
37155,47748
37157,38791
37159,64079
37161,24131
37163,28301
37165,10832
37167,29309
37169,21149
37171,32947
37173,6737
37175,14196
37177,1396
37179,120533
37181,16488
37183,580731
37185,6260
37187,4229
37189,28640
37191,50225
37193,28292
37195,33002
37197,17307
37199,8148
38001,1023
38003,4987
38005,2177
38007,419
38009,2838
38011,1686
38013,1029
38015,48036
38017,100269
38019,1830
38021,2238
38023,1419
38025,3102
38027,1159
38029,1369
38031,1456
38033,815
38035,36332
38037,1152
38039,988
38041,1334
38043,1197
38045,1993
38047,840
38049,2924
38051,1071
38053,10138
38055,4516
38057,3427
38059,15713
38061,7211
38063,1330
38065,829
38067,3189
38069,1651
38071,5388
38073,2741
38075,1173
38077,8330
38079,4192
38081,2587
38083,642
38085,1185
38087,384
38089,18087
38091,947
38093,9989
38095,1090
38097,4224
38099,4942
38101,30614
38103,1832
38105,23989
39001,9984
39003,45937
39005,25687
39007,42334
39009,26226
39011,24230
39013,28469
39015,18619
39017,187729
39019,12317
39021,19295
39023,60520
39025,102846
39027,16849
39029,45105
39031,13536
39033,17356
39035,588912
39037,24863
39039,17322
39041,106887
39043,35383
39045,75118
39047,13330
39049,673069
39051,21526
39053,11496
39055,47586
39057,80130
39059,17607
39061,400359
39063,40525
39065,13232
39067,6443
39069,12654
39071,16155
39073,12484
39075,20160
39077,26381
39079,11891
39081,26101
39083,30306
39085,122045
39087,22549
39089,87159
39091,22036
39093,147587
39095,200417
39097,20091
39099,97180
39101,27292
39103,94520
39105,8428
39107,22787
39109,52125
39111,4903
39113,241945
39115,6280
39117,16124
39119,37592
39121,4377
39123,19862
39125,8297
39127,15087
39129,25404
39131,10155
39133,83621
39135,20342
39137,18235
39139,49884
39141,33829
39143,29193
39145,27056
39147,26184
39149,23325
39151,177352
39153,260690
39155,81440
39157,42908
39159,28041
39161,14563
39163,5246
39165,115000
39167,25918
39169,60061
39171,18363
39173,68553
39175,12569
40001,7726
40003,2761
40005,4706
40007,2819
40009,10162
40011,4655
40013,20684
40015,11346
40017,72123
40019,20772
40021,17989
40023,5166
40025,1301
40027,138776
40029,2383
40031,46396
40033,2632
40035,5715
40037,30465
40039,15279
40041,17304
40043,2829
40045,2102
40047,26255
40049,12174
40051,25657
40053,2594
40055,1758
40057,1140
40059,1697
40061,3994
40063,5057
40065,10337
40067,2425
40069,3593
40071,17526
40073,8955
40075,3323
40077,2937
40079,18141
40081,15219
40083,21445
40085,6030
40087,19092
40089,13570
40091,6654
40093,3788
40095,6642
40097,18802
40099,6117
40101,28418
40103,5530
40105,4434
40107,4402
40109,372632
40111,14943
40113,19921
40115,13599
40117,7074
40119,36836
40121,16406
40123,18451
40125,31169
40127,4066
40129,1822
40131,43759
40133,8979
40135,15502
40137,17737
40139,10969
40141,2879
40143,313397
40145,36806
40147,21547
40149,5028
40151,4505
40153,8727
41001,6789
41003,46736
41005,212043
41007,18659
41009,23340
41011,24874
41013,9083
41015,8432
41017,92361
41019,44063
41021,912
41023,2964
41025,3387
41027,14012
41029,98950
41031,9613
41033,34004
41035,27485
41037,3433
41039,173271
41041,19947
41043,56191
41045,11804
41047,155513
41049,5477
41051,440311
41053,38240
41055,900
41057,11421
41059,35014
41061,11362
41063,3221
41065,12809
41067,315008
41069,691
41071,52981
42001,53531
42003,623045
42005,30671
42007,80367
42009,22510
42011,206763
42013,56860
42015,27697
42017,332053
42019,96090
42021,54963
42023,1963
42025,30516
42027,77464
42029,277341
42031,16289
42033,34114
42035,17347
42037,31955
42039,36853
42041,128165
42043,139003
42045,287670
42047,14911
42049,122943
42051,53868
42053,1694
42055,74904
42057,7560
42059,15771
42061,18833
42063,37186
42065,19612
42067,12061
42069,100057
42071,275432
42073,38687
42075,69798
42077,184665
42079,148722
42081,54169
42083,16435
42085,46909
42087,20093
42089,78812
42091,440364
42093,8795
42095,154642
42097,40765
42099,23673
42101,682012
42103,23909
42105,6784
42107,62948
42109,19079
42111,31869
42113,2531
42115,19717
42117,18139
42119,19114
42121,21354
42123,18116
42125,102475
42127,21427
42129,173320
42131,12948
42133,227297
44001,25226
44003,87815
44005,42905
44007,312930
44009,66892
45001,9711
45003,72929
45005,2549
45007,89109
45009,4704
45011,7916
45013,75797
45015,101801
45017,6367
45019,207473
45021,24422
45023,12890
45025,21484
45027,12238
45029,16283
45031,29518
45033,12496
45035,76502
45037,10452
45039,9192
45041,65235
45043,24820
45045,249678
45047,30397
45049,8187
45051,143234
45053,12363
45055,28425
45057,39956
45059,29410
45061,6352
45063,146650
45065,3285
45067,12481
45069,8739
45071,18709
45073,34068
45075,33187
45077,56063
45079,193369
45081,8690
45083,149576
45085,42254
45087,11275
45089,11542
45091,136587
46003,1485
46005,9315
46007,1032
46009,2779
46011,18511
46013,20152
46015,2375
46017,638
46019,4873
46021,744
46023,3622
46025,1836
46027,7184
46029,15028
46031,1289
46033,3831
46035,10778
46037,2637
46039,2067
46041,2044
46043,1539
46045,1980
46047,2864
46049,1023
46051,4293
46053,1977
46055,1020
46057,3210
46059,1733
46061,1663
46063,705
46065,9771
46067,3486
46069,658
46071,1199
46073,1086
46075,527
46077,2590
46079,6443
46081,12915
46083,33709
46085,1609
46087,2990
46089,963
46091,2292
46093,13632
46095,699
46097,1140
46099,109853
46101,3895
46102,3222
46103,54827
46105,1381
46107,1012
46109,4630
46111,1117
46115,3080
46117,1795
46119,777
46121,2961
46123,2981
46125,4559
46127,8192
46129,2008
46135,11615
46137,878
47001,33708
47003,20437
47005,6653
47007,4111
47009,62072
47011,50654
47013,14291
47015,6481
47017,11582
47019,23235
47021,21606
47023,8343
47025,12624
47027,2640
47029,14477
47031,24891
47033,6823
47035,22624
47037,399502
47039,4366
47041,7516
47043,26593
47045,15792
47047,18663
47049,7240
47051,19663
47053,21320
47055,14543
47057,9221
47059,28599
47061,4809
47063,27292
47065,179393
47067,2005
47069,9099
47071,10038
47073,22998
47075,7373
47077,11832
47079,13727
47081,11243
47083,3146
47085,8678
47087,4486
47089,23882
47091,7462
47093,239090
47095,1678
47097,9262
47099,18640
47101,5010
47103,16295
47105,22895
47107,22978
47109,8130
47111,11079
47113,47727
47115,12057
47117,15305
47119,48575
47121,4992
47123,19613
47125,82946
47127,3529
47129,7632
47131,11999
47133,9647
47135,2988
47137,2274
47139,7274
47141,34124
47143,12636
47145,22662
47147,37440
47149,181904
47151,8059
47153,5987
47155,53420
47157,431885
47159,9301
47161,5292
47163,68347
47165,101033
47167,27356
47169,5335
47171,6809
47173,7387
47175,1979
47177,16178
47179,58800
47181,6007
47183,15610
47185,11908
47187,127057
47189,75639
48001,23220
48003,9685
48005,34453
48007,9022
48009,4027
48011,904
48013,20928
48015,13613
48017,2415
48019,9742
48021,41609
48023,1725
48025,9419
48027,138392
48029,919763
48031,6311
48033,394
48035,8058
48037,38130
48039,172008
48041,115819
48043,4084
48045,558
48047,2468
48049,15117
48051,8103
48053,22930
48055,19011
48057,11776
48059,5925
48061,157675
48063,4766
48065,2933
48067,11895
48069,3337
48071,18604
48073,20143
48075,2872
48077,4785
48079,1085
48081,1409
48083,2770
48085,546320
48087,1120
48089,9557
48091,71149
48093,5410
48095,1198
48097,19268
48099,23177
48101,528
48103,1506
48105,1589
48107,2402
48109,1002
48111,3842
48113,1317507
48115,4462
48117,8237
48119,2360
48121,480005
48123,9540
48125,652
48127,7298
48129,1389
48131,4744
48133,8079
48135,85859
48137,1030
48139,89823
48141,348712
48143,20188
48145,6356
48147,16854
48149,11987
48151,1586
48153,2468
48155,567
48157,378653
48159,4485
48161,6093
48163,10192
48165,9577
48167,158807
48169,2117
48171,13213
48173,778
48175,3162
48177,9320
48179,7791
48181,62148
48183,56176
48185,10822
48187,79087
48189,11663
48191,1029
48193,3561
48195,2714
48197,1670
48199,24158
48201,2228703
48203,28306
48205,2756
48207,2210
48209,116574
48211,1884
48213,35239
48215,330817
48217,15867
48219,10956
48221,26625
48223,17008
48225,10039
48227,13604
48229,1747
48231,41871
48233,8315
48235,743
48237,3362
48239,7360
48241,12083
48243,1010
48245,100737
48247,1794
48249,16054
48251,79532
48253,5494
48255,7008
48257,62485
48259,21533
48261,215
48263,467
48265,21593
48267,1805
48269,228
48271,1327
48273,12908
48275,1397
48277,23241
48279,5108
48281,8910
48283,4295
48285,8333
48287,9852
48289,6049
48291,31432
48293,8260
48295,1607
48297,5392
48299,8380
48301,538
48303,153680
48305,2693
48307,3307
48309,115668
48311,808
48313,4361
48315,4058
48317,2814
48319,1715
48321,15766
48323,22013
48325,21142
48327,832
48329,105290
48331,9301
48333,1842
48335,2243
48337,9058
48339,274419
48341,10660
48343,4552
48345,466
48347,27153
48349,23283
48351,4858
48353,6860
48355,160536
48357,4213
48359,890
48361,34518
48363,13175
48365,9799
48367,65373
48369,4787
48371,6188
48373,17171
48375,53668
48377,2902
48379,5862
48381,70315
48383,1861
48385,1020
48387,4873
48389,11209
48391,3036
48393,405
48395,7383
48397,50482
48399,4475
48401,22251
48403,3490
48405,3240
48407,11211
48409,28278
48411,2494
48413,1285
48415,6518
48417,1868
48419,10738
48421,1347
48423,103584
48425,4209
48427,22745
48429,3983
48431,561
48433,571
48435,1361
48437,2531
48439,1046916
48441,65005
48443,364
48445,4823
48447,631
48449,12435
48451,52917
48453,722054
48455,5064
48457,6744
48459,17251
48461,1626
48463,11065
48465,22162
48467,25233
48469,41380
48471,23214
48473,22597
48475,7316
48477,14656
48479,114247
48481,20935
48483,2210
48485,54574
48487,4798
48489,6052
48491,305127
48493,24174
48495,3913
48497,30864
48499,17008
48501,3641
48503,7802
48505,4787
48507,3050
49001,2783
49003,25222
49005,62779
49007,8202
49009,378
49011,169589
49013,7457
49015,4139
49017,2611
49019,5953
49021,23326
49023,5576
49025,3707
49027,5832
49029,5428
49031,459
49033,1136
49035,618767
49037,5435
49039,12081
49041,9438
49043,24427
49045,33024
49047,13096
49049,300283
49051,15705
49053,73806
49055,1339
49057,123806
50001,20091
50003,17539
50005,14030
50007,94707
50009,2595
50011,26674
50013,3925
50015,13454
50017,15527
50019,12713
50021,29608
50023,33586
50025,21416
50027,28205
51001,16117
51003,56256
51005,6677
51007,6123
51009,14651
51011,6959
51013,152803
51015,36806
51017,2447
51019,37606
51021,2777
51023,17049
51025,5781
51027,6359
51029,6206
51031,25349
51033,14879
51035,12818
51036,3566
51037,5109
51041,183821
51043,7476
51045,2238
51047,24175
51049,4523
51051,4497
51053,13319
51057,5330
51059,626394
51061,36655
51063,8014
51065,13698
51067,25742
51069,47290
51071,7669
51073,19198
51075,10991
51077,7819
51079,10331
51081,4160
51083,15066
51085,58264
51087,178372
51089,23069
51091,1214
51093,19017
51095,35860
51097,3763
51099,13157
51101,8976
51103,5230
51105,7967
51107,219414
51109,19517
51111,5169
51113,7295
51115,4048
51117,12105
51119,5181
51121,48937
51125,7300
51127,12277
51131,5241
51133,5458
51135,7095
51137,16961
51139,11601
51141,7084
51143,29191
51145,13892
51147,10051
51149,14695
51153,241558
51155,15594
51157,3633
51159,3976
51161,48349
51163,10523
51165,41146
51167,10754
51169,8863
51171,21863
51173,13296
51175,8895
51177,65697
51179,70711
51181,3568
51183,3660
51185,15060
51187,20032
51191,25919
51193,9204
51195,12809
51197,13282
51199,32110
51510,100093
51520,6946
51530,3342
51540,26011
51550,119957
51570,8593
51580,2293
51590,18261
51595,2189
51600,13284
51610,8499
51620,3453
51630,13803
51640,2836
51650,62353
51660,24345
51670,9341
51678,2001
51680,35238
51683,21696
51685,9228
51690,5274
51700,86310
51710,108487
51720,1625
51730,12396
51735,6271
51740,42831
51750,8377
51760,115360
51770,47900
51775,12677
51790,11986
51800,43564
51810,228266
51820,10451
51830,6475
51840,14480
53001,9312
53003,9969
53005,97773
53007,42911
53009,26980
53011,230422
53013,1747
53015,45086
53017,20731
53019,2216
53021,40383
53023,868
53025,43751
53027,26961
53029,34294
53031,12209
53033,1254638
53035,122887
53037,21905
53039,9712
53041,32841
53043,4779
53045,23733
53047,18964
53049,8007
53051,4674
53053,419394
53055,8349
53057,59644
53059,5252
53061,426100
53063,241655
53065,17726
53067,135982
53069,1283
53071,28760
53073,109672
53075,22958
53077,123185
54001,6760
54003,56569
54005,7036
54007,4857
54009,9488
54011,39889
54013,2226
54015,2879
54017,3834
54019,15363
54021,2221
54023,5632
54025,15266
54027,10384
54029,12418
54031,5507
54033,33229
54035,12808
54037,29527
54039,78647
54041,6428
54043,6757
54045,10492
54047,4041
54049,24324
54051,13366
54053,9615
54055,19843
54057,11980
54059,6422
54061,52749
54063,5718
54065,7874
54067,8920
54069,20407
54071,3559
54073,2724
54075,3670
54077,14904
54079,25630
54081,29093
54083,11617
54085,4156
54087,4654
54089,4102
54091,7537
54093,3186
54095,2900
54097,9040
54099,14983
54101,3116
54103,6174
54105,2122
54107,34970
54109,6240
55001,7733
55003,7536
55005,23428
55007,7165
55009,137489
55011,6194
55013,6752
55015,26791
55017,31909
55019,17151
55021,30606
55023,7297
55025,313824
55027,46107
55029,14706
55031,22058
55033,23257
55035,57071
55037,2115
55039,55701
55041,3803
55043,26962
55045,20441
55047,9086
55049,13334
55051,2388
55053,9876
55055,44416
55057,12999
55059,85858
55061,10686
55063,64391
55065,9829
55067,8932
55069,14509
55071,39589
55073,71419
55075,18573
55077,7409
55078,1498
55079,448251
55081,22672
55083,19830
55085,17071
55087,100059
55089,47625
55091,3991
55093,24504
55095,23519
55097,37327
55099,6207
55101,94556
55103,8926
55105,82147
55107,6393
55109,48754
55111,34533
55113,7582
55115,20342
55117,60436
55119,10566
55121,15374
55123,14772
55125,9721
55127,55975
55129,7536
55131,74950
55133,218151
55135,25093
55137,10955
55139,88728
55141,33786
56001,19595
56003,5083
56005,22389
56007,7720
56009,8456
56011,3593
56013,17811
56015,6387
56017,2099
56019,4032
56021,46813
56023,8581
56025,37804
56027,1205
56029,14839
56031,4501
56033,15111
56035,3947
56037,20446
56039,15151
56041,8682
56043,3786
56045,3701
72001,3485
72003,10553
72005,12881
72007,5846
72009,5722
72011,7967
72013,21413
72015,3985
72017,5170
72019,6627
72021,60109
72023,12214
72025,43764
72027,8597
72029,14727
72031,56855
72033,7140
72035,14727
72037,3278
72039,3248
72041,14195
72043,8647
72045,4389
72047,8002
72049,866
72051,12205
72053,9644
72054,2914
72055,3364
72057,9605
72059,4311
72061,35403
72063,16741
72065,11784
72067,4847
72069,15193
72071,11108
72073,3614
72075,13361
72077,11060
72079,4480
72081,5883
72083,2313
72085,10111
72087,7645
72089,5512
72091,10417
72093,1636
72095,2465
72097,19278
72099,9257
72101,7127
72103,7297
72105,6364
72107,4379
72109,3605
72111,5007
72113,40634
72115,5297
72117,4047
72119,15414
72121,5274
72123,6041
72125,8509
72127,124372
72129,10490
72131,8807
72133,7764
72135,25106
72137,27023
72139,25281
72141,5841
72143,8778
72145,11791
72147,2406
72149,6231
72151,7552
72153,8331
