fips,metro
1001,1
1003,1
1005,0
1007,1
1009,1
1011,0
1013,0
1015,1
1017,0
1019,0
1021,1
1023,0
1025,0
1027,0
1029,0
1031,1
1033,1
1035,0
1037,0
1039,0
1041,0
1043,1
1045,1
1047,1
1049,0
1051,1
1053,0
1055,1
1057,0
1059,0
1061,1
1063,0
1065,1
1067,1
1069,1
1071,0
1073,1
1075,0
1077,1
1079,1
1081,1
1083,1
1085,1
1087,0
1089,1
1091,0
1093,0
1095,1
1097,1
1099,0
1101,1
1103,1
1105,0
1107,1
1109,0
1111,0
1113,1
1115,1
1117,1
1119,0
1121,1
1123,0
1125,1
1127,1
1129,0
1131,0
1133,0
2013,0
2016,0
2020,1
2050,0
2060,0
2068,0
2070,0
2090,1
2100,0
2105,0
2110,0
2122,0
2130,0
2150,0
2164,0
2170,1
2180,0
2185,0
2188,0
2195,0
2198,0
2220,0
2230,0
2240,0
2261,0
2270,0
2275,0
2282,0
2290,0
4001,0
4003,1
4005,1
4007,1
4009,0
4011,0
4012,0
4013,1
4015,1
4017,1
4019,1
4021,1
4023,1
4025,1
4027,1
5001,0
5003,0
5005,0
5007,1
5009,0
5011,0
5013,0
5015,0
5017,0
5019,0
5021,0
5023,0
5025,1
5027,0
5029,0
5031,1
5033,1
5035,1
5037,0
5039,0
5041,0
5043,0
5045,1
5047,0
5049,0
5051,1
5053,1
5055,1
5057,0
5059,0
5061,0
5063,0
5065,0
5067,0
5069,1
5071,0
5073,0
5075,0
5077,0
5079,1
5081,1
5083,0
5085,1
5087,1
5089,0
5091,1
5093,1
5095,0
5097,0
5099,0
5101,0
5103,0
5105,1
5107,0
5109,0
5111,1
5113,0
5115,0
5117,0
5119,1
5121,0
5123,0
5125,1
5127,0
5129,0
5131,1
5133,0
5135,0
5137,0
5139,0
5141,0
5143,1
5145,1
5147,0
5149,0
6001,1
6003,0
6005,0
6007,1
6009,0
6011,0
6013,1
6015,0
6017,1
6019,1
6021,0
6023,0
6025,1
6027,0
6029,1
6031,1
6033,1
6035,0
6037,1
6039,1
6041,1
6043,0
6045,1
6047,1
6049,0
6051,0
6053,1
6055,1
6057,1
6059,1
6061,1
6063,0
6065,1
6067,1
6069,1
6071,1
6073,1
6075,1
6077,1
6079,1
6081,1
6083,1
6085,1
6087,1
6089,1
6091,0
6093,0
6095,1
6097,1
6099,1
6101,1
6103,1
6105,0
6107,1
6109,1
6111,1
6113,1
6115,1
8001,1
8003,0
8005,1
8007,0
8009,0
8011,0
8013,1
8014,1
8015,0
8017,0
8019,1
8021,0
8023,0
8025,0
8027,0
8029,0
8031,1
8033,0
8035,1
8037,0
8039,1
8041,1
8043,1
8045,0
8047,1
8049,0
8051,0
8053,0
8055,0
8057,0
8059,1
8061,0
8063,0
8065,0
8067,1
8069,1
8071,0
8073,0
8075,0
8077,1
8079,0
8081,0
8083,0
8085,1
8087,0
8089,0
8091,0
8093,1
8095,0
8097,0
8099,0
8101,1
8103,0
8105,0
8107,0
8109,0
8111,0
8113,0
8115,0
8117,0
8119,1
8121,0
8123,1
8125,0
9001,1
9003,1
9005,1
9007,1
9009,1
9011,1
9013,1
9015,1
10001,1
10003,1
10005,1
11001,1
12001,1
12003,1
12005,1
12007,0
12009,1
12011,1
12013,0
12015,1
12017,1
12019,1
12021,1
12023,1
12027,0
12029,0
12031,1
12033,1
12035,1
12037,0
12039,1
12041,1
12043,0
12045,1
12047,0
12049,0
12051,1
12053,1
12055,1
12057,1
12059,0
12061,1
12063,0
12065,1
12067,0
12069,1
12071,1
12073,1
12075,0
12077,0
12079,0
12081,1
12083,1
12085,1
12086,1
12087,1
12089,1
12091,1
12093,1
12095,1
12097,1
12099,1
12101,1
12103,1
12105,1
12107,1
12109,1
12111,1
12113,1
12115,1
12117,1
12119,1
12121,0
12123,0
12125,0
12127,1
12129,1
12131,1
12133,0
13001,0
13003,0
13005,0
13007,1
13009,1
13011,0
13013,1
13015,1
13017,0
13019,0
13021,1
13023,0
13025,1
13027,1
13029,1
13031,1
13033,1
13035,1
13037,0
13039,1
13043,0
13045,1
13047,1
13049,0
13051,1
13053,1
13055,0
13057,1
13059,1
13061,0
13063,1
13065,0
13067,1
13069,0
13071,0
13073,1
13075,0
13077,1
13079,1
13081,0
13083,1
13085,1
13087,0
13089,1
13091,0
13093,0
13095,1
13097,1
13099,0
13101,1
13103,1
13105,0
13107,0
13109,0
13111,0
13113,1
13115,1
13117,1
13119,0
13121,1
13123,0
13125,0
13127,1
13129,1
13131,0
13133,0
13135,1
13137,0
13139,1
13141,0
13143,1
13145,1
13147,0
13149,1
13151,1
13153,1
13155,0
13157,1
13159,1
13161,0
13163,0
13165,0
13167,0
13169,1
13171,1
13173,1
13175,0
13177,1
13179,1
13181,1
13183,1
13185,1
13187,0
13189,1
13191,1
13193,0
13195,1
13197,1
13199,1
13201,0
13205,0
13207,1
13209,0
13211,1
13213,1
13215,1
13217,1
13219,1
13221,1
13223,1
13225,1
13227,1
13229,0
13231,1
13233,1
13235,1
13237,0
13239,0
13241,0
13243,0
13245,1
13247,1
13249,0
13251,0
13253,0
13255,1
13257,0
13259,0
13261,0
13263,0
13265,0
13267,0
13269,0
13271,0
13273,1
13275,1
13277,0
13279,0
13281,0
13283,0
13285,1
13287,0
13289,1
13291,0
13293,0
13295,1
13297,1
13299,0
13301,0
13303,0
13305,0
13307,0
13309,0
13311,0
13313,1
13315,0
13317,0
13319,0
13321,1
15001,0
15003,1
15005,1
15007,0
15009,1
16001,1
16003,0
16005,1
16007,0
16009,0
16011,1
16013,0
16015,1
16017,0
16019,1
16021,0
16023,1
16025,0
16027,1
16029,0
16031,0
16033,0
16035,0
16037,0
16039,0
16041,1
16043,0
16045,1
16047,0
16049,0
16051,1
16053,0
16055,1
16057,1
16059,0
16061,0
16063,0
16065,1
16067,0
16069,1
16071,0
16073,1
16075,0
16077,0
16079,0
16081,0
16083,0
16085,0
16087,0
17001,0
17003,1
17005,1
17007,1
17009,0
17011,0
17013,1
17015,0
17017,0
17019,1
17021,0
17023,0
17025,0
17027,1
17029,0
17031,1
17033,0
17035,0
17037,1
17039,1
17041,0
17043,1
17045,0
17047,0
17049,0
17051,0
17053,1
17055,1
17057,0
17059,0
17061,0
17063,1
17065,0
17067,0
17069,0
17071,0
17073,1
17075,0
17077,1
17079,0
17081,0
17083,1
17085,0
17087,0
17089,1
17091,1
17093,1
17095,1
17097,1
17099,1
17101,0
17103,0
17105,1
17107,0
17109,0
17111,1
17113,1
17115,1
17117,1
17119,1
17121,1
17123,1
17125,0
17127,0
17129,1
17131,1
17133,1
17135,0
17137,1
17139,0
17141,1
17143,1
17145,0
17147,1
17149,0
17151,0
17153,0
17155,0
17157,0
17159,0
17161,1
17163,1
17165,0
17167,1
17169,0
17171,0
17173,0
17175,1
17177,1
17179,1
17181,0
17183,1
17185,0
17187,0
17189,0
17191,0
17193,0
17195,1
17197,1
17199,1
17201,1
17203,1
18001,0
18003,1
18005,1
18007,1
18009,0
18011,1
18013,1
18015,1
18017,1
18019,1
18021,1
18023,0
18025,0
18027,0
18029,1
18031,0
18033,1
18035,1
18037,0
18039,1
18041,0
18043,1
18045,0
18047,0
18049,0
18051,0
18053,1
18055,0
18057,1
18059,1
18061,1
18063,1
18065,1
18067,1
18069,0
18071,1
18073,1
18075,0
18077,0
18079,0
18081,1
18083,0
18085,1
18087,0
18089,1
18091,1
18093,0
18095,1
18097,1
18099,0
18101,0
18103,0
18105,1
18107,0
18109,1
18111,1
18113,0
18115,1
18117,0
18119,1
18121,0
18123,0
18125,0
18127,1
18129,1
18131,0
18133,1
18135,0
18137,0
18139,0
18141,1
18143,1
18145,1
18147,0
18149,0
18151,0
18153,1
18155,0
18157,1
18159,0
18161,1
18163,1
18165,1
18167,1
18169,0
18171,0
18173,1
18175,1
18177,0
18179,1
18181,0
18183,1
19001,0
19003,0
19005,0
19007,0
19009,0
19011,1
19013,1
19015,0
19017,1
19019,0
19021,0
19023,0
19025,0
19027,0
19029,0
19031,0
19033,0
19035,0
19037,0
19039,0
19041,0
19043,0
19045,1
19047,0
19049,1
19051,0
19053,0
19055,0
19057,0
19059,0
19061,1
19063,0
19065,0
19067,0
19069,0
19071,0
19073,0
19075,1
19077,1
19079,0
19081,0
19083,0
19085,1
19087,0
19089,0
19091,0
19093,0
19095,0
19097,0
19099,0
19101,0
19103,1
19105,1
19107,0
19109,0
19111,0
19113,1
19115,0
19117,0
19119,0
19121,1
19123,0
19125,0
19127,1
19129,1
19131,0
19133,0
19135,0
19137,0
19139,1
19141,0
19143,0
19145,0
19147,0
19149,1
19151,0
19153,1
19155,1
19157,0
19159,0
19161,0
19163,1
19165,0
19167,0
19169,1
19171,0
19173,0
19175,0
19177,0
19179,0
19181,1
19183,1
19185,0
19187,0
19189,0
19191,0
19193,1
19195,0
19197,0
20001,0
20003,0
20005,0
20007,0
20009,0
20011,0
20013,0
20015,1
20017,0
20019,0
20021,0
20023,0
20025,0
20027,0
20029,0
20031,0
20033,0
20035,1
20037,1
20039,0
20041,0
20043,1
20045,1
20047,0
20049,0
20051,0
20053,0
20055,0
20057,0
20059,0
20061,1
20063,0
20065,0
20067,0
20069,0
20071,0
20073,0
20075,0
20077,0
20079,1
20081,0
20083,0
20085,1
20087,1
20089,0
20091,1
20093,0
20095,1
20097,0
20099,0
20101,0
20103,1
20105,0
20107,1
20109,0
20111,1
20113,0
20115,0
20117,0
20119,0
20121,1
20123,0
20125,0
20127,0
20129,0
20131,0
20133,0
20135,0
20137,0
20139,1
20141,0
20143,0
20145,0
20147,0
20149,1
20151,0
20153,0
20155,1
20157,0
20159,0
20161,1
20163,0
20165,0
20167,0
20169,0
20171,0
20173,1
20175,0
20177,1
20179,0
20181,0
20183,0
20185,0
20187,0
20189,0
20191,1
20193,0
20195,0
20197,1
20199,0
20201,0
20203,0
20205,0
20207,0
20209,1
21001,0
21003,1
21005,0
21007,0
21009,0
21011,0
21013,0
21015,1
21017,1
21019,1
21021,0
21023,1
21025,0
21027,0
21029,1
21031,1
21033,0
21035,0
21037,1
21039,0
21041,0
21043,0
21045,0
21047,1
21049,1
21051,0
21053,0
21055,0
21057,0
21059,1
21061,1
21063,0
21065,0
21067,1
21069,0
21071,0
21073,1
21075,0
21077,1
21079,0
21081,1
21083,0
21085,0
21087,0
21089,1
21091,1
21093,1
21095,0
21097,0
21099,0
21101,1
21103,1
21105,0
21107,0
21109,0
21111,1
21113,1
21115,0
21117,1
21119,0
21121,0
21123,1
21125,0
21127,0
21129,0
21131,0
21133,0
21135,0
21137,0
21139,0
21141,0
21143,0
21145,0
21147,0
21149,1
21151,1
21153,0
21155,0
21157,0
21159,0
21161,0
21163,1
21165,0
21167,0
21169,0
21171,0
21173,0
21175,0
21177,0
21179,0
21181,0
21183,0
21185,1
21187,0
21189,0
21191,1
21193,0
21195,0
21197,0
21199,0
21201,0
21203,0
21205,0
21207,0
21209,1
21211,1
21213,0
21215,1
21217,0
21219,0
21221,1
21223,1
21225,0
21227,1
21229,0
21231,0
21233,0
21235,0
21237,0
21239,1
22001,1
22003,0
22005,1
22007,0
22009,0
22011,0
22013,0
22015,1
22017,1
22019,1
22021,0
22023,1
22025,0
22027,0
22029,0
22031,1
22033,1
22035,0
22037,1
22039,0
22041,0
22043,1
22045,1
22047,1
22049,0
22051,1
22053,0
22055,1
22057,1
22059,0
22061,1
22063,1
22065,0
22067,0
22069,0
22071,1
22073,1
22075,1
22077,1
22079,1
22081,0
22083,0
22085,0
22087,1
22089,1
22091,1
22093,1
22095,1
22097,1
22099,1
22101,1
22103,1
22105,1
22107,0
22109,1
22111,1
22113,1
22115,0
22117,0
22119,1
22121,1
22123,0
22125,1
22127,0
23001,1
23003,0
23005,1
23007,0
23009,0
23011,1
23013,0
23015,0
23017,0
23019,1
23021,0
23023,1
23025,0
23027,0
23029,0
23031,1
24001,1
24003,1
24005,1
24009,1
24011,0
24013,1
24015,1
24017,1
24019,0
24021,1
24023,0
24025,1
24027,1
24029,0
24031,1
24033,1
24035,1
24037,1
24039,1
24041,0
24043,1
24045,1
24047,1
24510,1
25001,1
25003,1
25005,1
25007,0
25009,1
25011,1
25013,1
25015,1
25017,1
25019,0
25021,1
25023,1
25025,1
25027,1
26001,0
26003,0
26005,1
26007,0
26009,0
26011,0
26013,0
26015,1
26017,1
26019,0
26021,1
26023,0
26025,1
26027,1
26029,0
26031,0
26033,0
26035,0
26037,1
26039,0
26041,0
26043,0
26045,1
26047,0
26049,1
26051,0
26053,0
26055,0
26057,0
26059,0
26061,0
26063,0
26065,1
26067,1
26069,0
26071,0
26073,1
26075,1
26077,1
26079,0
26081,1
26083,0
26085,0
26087,1
26089,0
26091,1
26093,1
26095,0
26097,0
26099,1
26101,0
26103,0
26105,0
26107,0
26109,0
26111,1
26113,0
26115,1
26117,1
26119,0
26121,1
26123,0
26125,1
26127,0
26129,0
26131,0
26133,0
26135,0
26137,0
26139,1
26141,0
26143,0
26145,1
26147,1
26149,1
26151,0
26153,0
26155,1
26157,0
26159,1
26161,1
26163,1
26165,0
27001,0
27003,1
27005,0
27007,0
27009,1
27011,0
27013,1
27015,0
27017,1
27019,1
27021,0
27023,0
27025,1
27027,1
27029,0
27031,0
27033,0
27035,1
27037,1
27039,1
27041,0
27043,0
27045,1
27047,0
27049,1
27051,0
27053,1
27055,1
27057,0
27059,1
27061,0
27063,0
27065,0
27067,1
27069,0
27071,0
27073,0
27075,0
27077,0
27079,1
27081,0
27083,0
27085,0
27087,0
27089,0
27091,0
27093,0
27095,1
27097,0
27099,1
27101,0
27103,1
27105,0
27107,0
27109,1
27111,0
27113,0
27115,0
27117,0
27119,1
27121,0
27123,1
27125,0
27127,0
27129,0
27131,1
27133,0
27135,0
27137,1
27139,1
27141,1
27143,1
27145,1
27147,0
27149,0
27151,0
27153,0
27155,0
27157,1
27159,0
27161,0
27163,1
27165,0
27167,0
27169,1
27171,1
27173,0
28001,0
28003,0
28005,0
28007,0
28009,1
28011,0
28013,0
28015,0
28017,0
28019,0
28021,0
28023,0
28025,0
28027,0
28029,1
28031,0
28033,1
28035,1
28037,0
28039,0
28041,0
28043,0
28045,1
28047,1
28049,1
28051,0
28053,0
28055,0
28057,0
28059,1
28061,0
28063,0
28065,0
28067,1
28069,0
28071,1
28073,1
28075,0
28077,0
28079,0
28081,0
28083,0
28085,0
28087,0
28089,1
28091,0
28093,1
28095,0
28097,0
28099,0
28101,0
28103,0
28105,0
28107,0
28109,0
28111,1
28113,0
28115,0
28117,0
28119,0
28121,1
28123,0
28125,0
28127,1
28129,0
28131,0
28133,0
28135,0
28137,1
28139,0
28141,0
28143,1
28145,0
28147,0
28149,1
28151,0
28153,0
28155,0
28157,0
28159,0
28161,0
28163,1
29001,0
29003,1
29005,0
29007,0
29009,0
29011,0
29013,1
29015,0
29017,1
29019,1
29021,1
29023,0
29025,1
29027,1
29029,0
29031,1
29033,0
29035,0
29037,1
29039,0
29041,0
29043,1
29045,0
29047,1
29049,1
29051,1
29053,0
29055,0
29057,0
29059,1
29061,0
29063,1
29065,0
29067,0
29069,0
29071,1
29073,0
29075,0
29077,1
29079,0
29081,0
29083,0
29085,0
29087,0
29089,0
29091,0
29093,0
29095,1
29097,1
29099,1
29101,1
29103,0
29105,0
29107,1
29109,0
29111,0
29113,1
29115,0
29117,0
29119,1
29121,0
29123,0
29125,0
29127,0
29129,0
29131,0
29133,0
29135,1
29137,0
29139,0
29141,0
29143,0
29145,1
29147,0
29149,0
29151,1
29153,0
29155,0
29157,0
29159,1
29161,0
29163,0
29165,1
29167,1
29169,0
29171,0
29173,0
29175,0
29177,1
29179,0
29181,0
29183,1
29185,0
29186,0
29187,1
29189,1
29195,0
29197,0
29199,0
29201,1
29203,0
29205,0
29207,0
29209,0
29211,0
29213,1
29215,0
29217,0
29219,1
29221,0
29223,0
29225,1
29227,0
29229,0
29510,1
30001,0
30003,0
30005,0
30007,0
30009,1
30011,0
30013,1
30015,0
30017,0
30019,0
30021,0
30023,0
30025,0
30027,0
30029,0
30031,0
30033,0
30035,0
30037,1
30039,0
30041,0
30043,0
30045,0
30047,0
30049,0
30051,0
30053,0
30055,0
30057,0
30059,0
30061,0
30063,1
30065,0
30067,0
30069,0
30071,0
30073,0
30075,0
30077,0
30079,0
30081,0
30083,0
30085,0
30087,0
30089,0
30091,0
30093,0
30095,0
30097,0
30099,0
30101,0
30103,0
30105,0
30107,0
30109,0
30111,1
31001,1
31003,0
31005,0
31007,0
31009,0
31011,0
31013,0
31015,0
31017,0
31019,1
31021,0
31023,0
31025,1
31027,0
31029,0
31031,0
31033,0
31035,0
31037,0
31039,0
31041,0
31043,1
31045,0
31047,0
31049,0
31051,1
31053,1
31055,1
31057,0
31059,0
31061,0
31063,0
31065,0
31067,0
31069,0
31071,0
31073,0
31075,0
31077,0
31079,1
31081,1
31083,0
31085,0
31087,0
31089,0
31091,0
31093,1
31095,0
31097,0
31099,0
31101,0
31103,0
31105,0
31107,0
31109,1
31111,0
31113,0
31115,0
31117,0
31119,0
31121,1
31123,0
31125,0
31127,0
31129,0
31131,0
31133,0
31135,0
31137,0
31139,0
31141,0
31143,0
31145,0
31147,0
31149,0
31151,0
31153,1
31155,1
31157,0
31159,1
31161,0
31163,0
31165,0
31167,0
31169,0
31171,0
31173,0
31175,0
31177,1
31179,0
31181,0
31183,0
31185,0
32001,0
32003,1
32005,1
32007,0
32009,0
32011,0
32013,0
32015,0
32017,0
32019,1
32021,0
32023,1
32027,0
32029,1
32031,1
32033,0
32510,1
33001,1
33003,0
33005,1
33007,0
33009,0
33011,1
33013,1
33015,1
33017,1
33019,0
34001,1
34003,1
34005,1
34007,1
34009,1
34011,1
34013,1
34015,1
34017,1
34019,1
34021,1
34023,1
34025,1
34027,1
34029,1
34031,1
34033,1
34035,1
34037,1
34039,1
34041,1
35001,1
35003,0
35005,0
35006,0
35007,0
35009,0
35011,0
35013,1
35015,0
35017,0
35019,0
35021,0
35023,0
35025,0
35027,0
35028,0
35029,0
35031,0
35033,0
35035,1
35037,0
35039,1
35041,0
35043,1
35045,1
35047,0
35049,1
35051,0
35053,0
35055,0
35057,1
35059,0
35061,1
36001,1
36003,0
36005,1
36007,1
36009,1
36011,1
36013,1
36015,1
36017,0
36019,0
36021,0
36023,1
36025,0
36027,1
36029,1
36031,0
36033,0
36035,1
36037,1
36039,0
36041,0
36043,1
36045,1
36047,1
36049,0
36051,1
36053,1
36055,1
36057,1
36059,1
36061,1
36063,1
36065,1
36067,1
36069,1
36071,1
36073,1
36075,1
36077,0
36079,1
36081,1
36083,1
36085,1
36087,1
36089,1
36091,1
36093,1
36095,1
36097,0
36099,0
36101,1
36103,1
36105,1
36107,1
36109,1
36111,1
36113,1
36115,1
36117,1
36119,1
36121,0
36123,1
37001,1
37003,1
37005,0
37007,0
37009,0
37011,0
37013,0
37015,0
37017,0
37019,1
37021,1
37023,1
37025,1
37027,1
37029,0
37031,1
37033,0
37035,1
37037,1
37039,0
37041,0
37043,0
37045,1
37047,0
37049,1
37051,1
37053,1
37055,1
37057,1
37059,1
37061,0
37063,1
37065,1
37067,1
37069,1
37071,1
37073,1
37075,0
37077,1
37079,0
37081,1
37083,1
37085,1
37087,1
37089,1
37091,0
37093,1
37095,0
37097,1
37099,0
37101,1
37103,1
37105,1
37107,1
37109,1
37111,0
37113,0
37115,1
37117,0
37119,1
37121,0
37123,0
37125,1
37127,1
37129,1
37131,0
37133,1
37135,1
37137,1
37139,1
37141,1
37143,0
37145,1
37147,1
37149,0
37151,1
37153,0
37155,1
37157,1
37159,1
37161,1
37163,0
37165,0
37167,0
37169,1
37171,1
37173,0
37175,0
37177,0
37179,1
37181,1
37183,1
37185,0
37187,0
37189,0
37191,1
37193,0
37195,1
37197,1
37199,0
38001,0
38003,0
38005,0
38007,0
38009,0
38011,0
38013,0
38015,1
38017,1
38019,0
38021,0
38023,0
38025,0
38027,0
38029,0
38031,0
38033,0
38035,1
38037,0
38039,0
38041,0
38043,0
38045,0
38047,0
38049,0
38051,0
38053,0
38055,0
38057,0
38059,1
38061,0
38063,0
38065,1
38067,0
38069,0
38071,0
38073,0
38075,0
38077,0
38079,0
38081,0
38083,0
38085,1
38087,0
38089,0
38091,0
38093,0
38095,0
38097,0
38099,0
38101,0
38103,0
38105,0
39001,0
39003,1
39005,1
39007,1
39009,1
39011,1
39013,1
39015,1
39017,1
39019,1
39021,0
39023,1
39025,1
39027,0
39029,1
39031,0
39033,1
39035,1
39037,0
39039,1
39041,1
39043,1
39045,1
39047,0
39049,1
39051,1
39053,0
39055,1
39057,1
39059,0
39061,1
39063,1
39065,0
39067,0
39069,0
39071,0
39073,1
39075,0
39077,1
39079,0
39081,1
39083,1
39085,1
39087,1
39089,1
39091,0
39093,1
39095,1
39097,1
39099,1
39101,1
39103,1
39105,0
39107,0
39109,1
39111,0
39113,1
39115,0
39117,1
39119,1
39121,0
39123,1
39125,0
39127,1
39129,1
39131,0
39133,1
39135,0
39137,0
39139,1
39141,1
39143,1
39145,1
39147,1
39149,1
39151,1
39153,1
39155,1
39157,1
39159,1
39161,0
39163,0
39165,1
39167,1
39169,1
39171,0
39173,1
39175,0
40001,0
40003,0
40005,0
40007,0
40009,0
40011,0
40013,0
40015,0
40017,1
40019,0
40021,0
40023,0
40025,0
40027,1
40029,0
40031,1
40033,1
40035,0
40037,1
40039,0
40041,0
40043,0
40045,0
40047,0
40049,0
40051,1
40053,0
40055,0
40057,0
40059,0
40061,0
40063,0
40065,0
40067,0
40069,0
40071,0
40073,0
40075,0
40077,0
40079,1
40081,1
40083,1
40085,0
40087,1
40089,0
40091,0
40093,0
40095,0
40097,0
40099,0
40101,1
40103,0
40105,0
40107,0
40109,1
40111,1
40113,1
40115,0
40117,1
40119,1
40121,0
40123,0
40125,1
40127,0
40129,0
40131,1
40133,0
40135,1
40137,1
40139,0
40141,0
40143,1
40145,1
40147,1
40149,0
40151,0
40153,0
41001,0
41003,1
41005,1
41007,1
41009,1
41011,0
41013,0
41015,0
41017,1
41019,1
41021,0
41023,0
41025,0
41027,0
41029,1
41031,0
41033,1
41035,0
41037,0
41039,1
41041,0
41043,1
41045,0
41047,1
41049,0
41051,1
41053,1
41055,0
41057,0
41059,1
41061,0
41063,0
41065,0
41067,1
41069,0
41071,1
42001,1
42003,1
42005,1
42007,1
42009,0
42011,1
42013,1
42015,0
42017,1
42019,1
42021,1
42023,0
42025,1
42027,1
42029,1
42031,0
42033,1
42035,1
42037,1
42039,1
42041,1
42043,1
42045,1
42047,0
42049,1
42051,1
42053,0
42055,1
42057,0
42059,0
42061,0
42063,1
42065,0
42067,0
42069,1
42071,1
42073,1
42075,1
42077,1
42079,1
42081,1
42083,0
42085,1
42087,1
42089,1
42091,1
42093,1
42095,1
42097,1
42099,1
42101,1
42103,1
42105,0
42107,1
42109,0
42111,1
42113,0
42115,0
42117,0
42119,1
42121,1
42123,0
42125,1
42127,0
42129,1
42131,1
42133,1
44001,1
44003,1
44005,1
44007,1
44009,1
45001,0
45003,1
45005,0
45007,1
45009,0
45011,0
45013,1
45015,1
45017,1
45019,1
45021,1
45023,1
45025,0
45027,0
45029,0
45031,1
45033,0
45035,1
45037,1
45039,1
45041,1
45043,1
45045,1
45047,1
45049,0
45051,1
45053,1
45055,1
45057,1
45059,1
45061,0
45063,1
45065,0
45067,0
45069,0
45071,0
45073,1
45075,1
45077,1
45079,1
45081,1
45083,1
45085,1
45087,1
45089,0
45091,1
46003,0
46005,0
46007,0
46009,0
46011,0
46013,0
46015,0
46017,0
46019,0
46021,0
46023,0
46025,0
46027,0
46029,0
46031,0
46033,1
46035,0
46037,0
46039,0
46041,0
46043,0
46045,0
46047,0
46049,0
46051,0
46053,0
46055,0
46057,0
46059,0
46061,0
46063,0
46065,0
46067,0
46069,0
46071,0
46073,0
46075,0
46077,0
46079,0
46081,0
46083,1
46085,0
46087,1
46089,0
46091,0
46093,1
46095,0
46097,0
46099,1
46101,0
46103,1
46105,0
46107,0
46109,0
46111,0
46113,0
46115,0
46117,0
46119,0
46121,0
46123,0
46125,1
46127,1
46129,0
46135,0
46137,0
47001,1
47003,1
47005,0
47007,0
47009,1
47011,1
47013,1
47015,1
47017,0
47019,1
47021,1
47023,1
47025,0
47027,0
47029,0
47031,1
47033,1
47035,1
47037,1
47039,0
47041,0
47043,1
47045,0
47047,1
47049,0
47051,0
47053,1
47055,0
47057,1
47059,1
47061,0
47063,1
47065,1
47067,0
47069,0
47071,0
47073,1
47075,0
47077,0
47079,0
47081,1
47083,0
47085,0
47087,0
47089,1
47091,0
47093,1
47095,0
47097,0
47099,0
47101,0
47103,0
47105,1
47107,1
47109,0
47111,1
47113,1
47115,1
47117,0
47119,1
47121,0
47123,0
47125,1
47127,0
47129,1
47131,0
47133,0
47135,0
47137,0
47139,1
47141,1
47143,0
47145,1
47147,1
47149,1
47151,0
47153,1
47155,1
47157,1
47159,1
47161,0
47163,1
47165,1
47167,1
47169,1
47171,1
47173,1
47175,0
47177,0
47179,1
47181,0
47183,0
47185,0
47187,1
47189,1
48001,0
48003,0
48005,0
48007,1
48009,1
48011,1
48013,1
48015,1
48017,0
48019,1
48021,1
48023,0
48025,0
48027,1
48029,1
48031,0
48033,0
48035,0
48037,1
48039,1
48041,1
48043,0
48045,0
48047,0
48049,0
48051,1
48053,0
48055,1
48057,0
48059,1
48061,1
48063,0
48065,1
48067,0
48069,0
48071,1
48073,0
48075,0
48077,1
48079,0
48081,0
48083,0
48085,1
48087,0
48089,0
48091,1
48093,0
48095,0
48097,0
48099,1
48101,0
48103,0
48105,0
48107,1
48109,0
48111,0
48113,1
48115,0
48117,0
48119,0
48121,1
48123,0
48125,0
48127,0
48129,0
48131,0
48133,0
48135,1
48137,0
48139,1
48141,1
48143,1
48145,1
48147,0
48149,0
48151,0
48153,0
48155,0
48157,1
48159,0
48161,0
48163,0
48165,0
48167,1
48169,0
48171,0
48173,0
48175,1
48177,0
48179,0
48181,1
48183,1
48185,0
48187,1
48189,1
48191,0
48193,0
48195,0
48197,0
48199,1
48201,1
48203,1
48205,0
48207,0
48209,1
48211,0
48213,1
48215,1
48217,0
48219,0
48221,1
48223,0
48225,0
48227,1
48229,1
48231,1
48233,0
48235,1
48237,0
48239,0
48241,0
48243,0
48245,1
48247,0
48249,1
48251,1
48253,1
48255,0
48257,1
48259,1
48261,0
48263,0
48265,1
48267,0
48269,0
48271,0
48273,1
48275,0
48277,0
48279,0
48281,1
48283,0
48285,0
48287,0
48289,0
48291,1
48293,0
48295,0
48297,0
48299,0
48301,0
48303,1
48305,1
48307,0
48309,1
48311,0
48313,0
48315,0
48317,1
48319,0
48321,1
48323,0
48325,1
48327,0
48329,1
48331,0
48333,0
48335,0
48337,0
48339,1
48341,0
48343,0
48345,0
48347,0
48349,1
48351,1
48353,0
48355,1
48357,0
48359,1
48361,1
48363,0
48365,0
48367,1
48369,0
48371,0
48373,0
48375,1
48377,0
48379,0
48381,1
48383,0
48385,0
48387,0
48389,0
48391,0
48393,0
48395,1
48397,1
48399,0
48401,1
48403,0
48405,0
48407,0
48409,1
48411,0
48413,0
48415,0
48417,0
48419,0
48421,0
48423,1
48425,1
48427,1
48429,0
48431,0
48433,0
48435,0
48437,0
48439,1
48441,1
48443,0
48445,0
48447,0
48449,0
48451,1
48453,1
48455,0
48457,0
48459,1
48461,0
48463,0
48465,0
48467,0
48469,1
48471,1
48473,1
48475,0
48477,0
48479,1
48481,1
48483,0
48485,1
48487,0
48489,0
48491,1
48493,1
48495,0
48497,1
48499,0
48501,0
48503,0
48505,0
48507,0
49001,0
49003,1
49005,1
49007,0
49009,0
49011,1
49013,0
49015,0
49017,0
49019,0
49021,1
49023,1
49025,0
49027,0
49029,1
49031,0
49033,0
49035,1
49037,0
49039,0
49041,0
49043,1
49045,1
49047,0
49049,1
49051,0
49053,1
49055,0
49057,1
50001,0
50003,0
50005,0
50007,1
50009,0
50011,1
50013,1
50015,0
50017,0
50019,0
50021,1
50023,1
50025,0
50027,0
51001,0
51003,1
51005,0
51007,1
51009,1
51011,1
51013,1
51015,1
51017,0
51019,1
51021,0
51023,1
51025,0
51027,0
51029,1
51031,1
51033,1
51035,0
51036,1
51037,0
51041,1
51043,1
51045,1
51047,1
51049,0
51051,0
51053,1
51057,0
51059,1
51061,1
51063,1
51065,1
51067,1
51069,1
51071,1
51073,1
51075,1
51077,0
51079,1
51081,0
51083,0
51085,1
51087,1
51089,1
51091,0
51093,1
51095,1
51097,0
51099,0
51101,1
51103,0
51105,0
51107,1
51109,0
51111,0
51113,0
51115,1
51117,0
51119,0
51121,1
51125,1
51127,1
51131,0
51133,0
51135,0
51137,0
51139,0
51141,0
51143,1
51145,1
51147,0
51149,1
51153,1
51155,1
51157,1
51159,0
51161,1
51163,0
51165,1
51167,0
51169,1
51171,0
51173,0
51175,0
51177,1
51179,1
51181,0
51183,1
51185,0
51187,1
51191,1
51193,0
51195,0
51197,0
51199,1
51510,1
51515,1
51520,1
51530,0
51540,1
51550,1
51570,1
51580,0
51590,1
51595,0
51600,1
51610,1
51620,0
51630,1
51640,0
51650,1
51660,1
51670,1
51678,0
51680,1
51683,1
51685,1
51690,1
51700,1
51710,1
51720,0
51730,1
51735,1
51740,1
51750,1
51760,1
51770,1
51775,1
51790,1
51800,1
51810,1
51820,1
51830,1
51840,1
53001,0
53003,1
53005,1
53007,1
53009,0
53011,1
53013,1
53015,1
53017,1
53019,0
53021,1
53023,0
53025,0
53027,1
53029,1
53031,0
53033,1
53035,1
53037,1
53039,0
53041,1
53043,0
53045,1
53047,0
53049,0
53051,1
53053,1
53055,0
53057,1
53059,1
53061,1
53063,1
53065,1
53067,1
53069,0
53071,1
53073,1
53075,1
53077,1
54001,0
54003,1
54005,1
54007,0
54009,1
54011,1
54013,0
54015,1
54017,0
54019,1
54021,0
54023,0
54025,0
54027,1
54029,1
54031,0
54033,0
54035,0
54037,1
54039,1
54041,0
54043,1
54045,0
54047,0
54049,1
54051,1
54053,0
54055,1
54057,1
54059,0
54061,1
54063,0
54065,0
54067,0
54069,1
54071,0
54073,0
54075,0
54077,1
54079,1
54081,1
54083,0
54085,0
54087,0
54089,0
54091,0
54093,0
54095,0
54097,0
54099,1
54101,0
54103,0
54105,1
54107,1
54109,0
55001,0
55003,0
55005,0
55007,0
55009,1
55011,0
55013,0
55015,1
55017,1
55019,0
55021,1
55023,0
55025,1
55027,1
55029,0
55031,1
55033,0
55035,1
55037,0
55039,1
55041,0
55043,0
55045,1
55047,0
55049,1
55051,0
55053,0
55055,1
55057,0
55059,1
55061,1
55063,1
55065,0
55067,0
55069,0
55071,1
55073,1
55075,0
55077,0
55078,0
55079,1
55081,0
55083,1
55085,0
55087,1
55089,1
55091,0
55093,1
55095,0
55097,1
55099,0
55101,1
55103,0
55105,1
55107,0
55109,1
55111,1
55113,0
55115,0
55117,1
55119,0
55121,0
55123,0
55125,0
55127,1
55129,0
55131,1
55133,1
55135,0
55137,0
55139,1
55141,1
56001,1
56003,0
56005,0
56007,0
56009,0
56011,0
56013,0
56015,0
56017,0
56019,0
56021,1
56023,0
56025,1
56027,0
56029,0
56031,0
56033,0
56035,0
56037,0
56039,0
56041,0
56043,0
56045,0
72001,0
72003,1
72005,1
72007,1
72009,1
72011,1
72013,1
72015,1
72017,1
72019,1
72021,1
72023,1
72025,1
72027,1
72029,1
72031,1
72033,1
72035,1
72037,1
72039,1
72041,1
72043,1
72045,1
72047,1
72049,0
72051,1
72053,1
72054,1
72055,1
72057,1
72059,1
72061,1
72063,1
72065,1
72067,1
72069,1
72071,1
72073,0
72075,1
72077,1
72079,1
72081,1
72083,0
72085,1
72087,1
72089,1
72091,1
72093,0
72095,1
72097,1
72099,1
72101,1
72103,1
72105,1
72107,1
72109,1
72111,1
72113,1
72115,1
72117,1
72119,1
72121,1
72123,1
72125,1
72127,1
72129,1
72131,1
72133,1
72135,1
72137,1
72139,1
72141,1
72143,1
72145,1
72147,0
72149,1
72151,1
72153,1
